MSA,Syrian,lang
" ذهب خالد إلى المطعم وطلب محار الصخر. بعد لحظات من التفكير، سأل النادل ""هل لازال متاح لي أن أغير طلبي؟ أفضل سمك موسى بدلا من محار الصخر."" ابتسم النادل وأكد له أنه يمكن تغيير الطلب. شعر خالد بالسعادة وتطلع لتذوق سمك موسى الشهي. "," خالد راح ع المطعم وطلب محار الصخر. بعد شوي من التفكير، سأل النادل ""بقدر غير طلبيتي لو سمحت؟ بفضل سمك موسى على محار الصخر."" النادل ضحك وقلو إنو مافي مشكلة يغير. خالد استانس وصار ينطر سمك موسى بحماس. ",Syrian
" في يوم حار من أيام الصيف، دخل العم أحمد متجر الصرافة حاملاً يداً من الدولارات. طلب من الصراف تحويلها إلى جنيهات مصرية قائلاً ""من فضلك غير هذه الينات إلى جنيهات"". بابتسامته المعهودة، قام الصراف بعملية التحويل بسرعة وكفاءة. شكر العم أحمد الصراف وخرج من المتجر وقد ارتسمت على وجهه ابتسامة الرضا. "," بنهار حار من أيام الصيف، عمو أحمد دخل لمكتب الصيرفة شايل معو حزمة من الدولارات. قال للصراف ""لو سمحت غيرلي هل الدولارات لليرات"". الصراف بابتسامتو يلي منعرفها، ساوى عملية التصريف بسرعة ومهارة. عمو أحمد شكر الصراف وطلع من المكتب وعلى وجهو ابتسامة الرضى. ",Syrian
 أجرى الطبيب عملية استئصال الزائدة الدودية بنجاح. بعد العملية، استراح المريض في غرفته وكانت حالته تتحسن تدريجيًا. خلال فترة التعافي، حرص الطاقم الطبي على رعايته بشكل ممتاز. وأخيرًا، غادر المريض المستشفى بصحة جيدة وشعور بالامتنان العميق. , الدكتور عمل عملية استئصال الزائدة الدودية بنجاح. بعد ما انتهت العملية، المريض استراح بغرفتو وصارت حالتو تتحسن تدريجياً. خلال فترة النقاهة، الفريق الطبي اهتمو فيو كتير منيح. وبالأخير، طلع المريض من المشفى بصحة جيدة ومتشكر كتير. ,Syrian
 ذهب محمد إلى المستشفى ليستلم فواتير علاجه الطبي. سأل الطبيب إذا ما كانت الفواتير تشمل كل التفاصيل. أكد الطبيب أن كل شيء موثق بدقة. شعر محمد بالارتياح لأنه سيتمكن من تقديم الوثائق لشركة التأمين. , محمد راح عالمشفى ليستلم فواتير العلاج تبعو. سأل الدكتور إذا كانت الفواتير فيها كل التفاصيل. الدكتور أكدلو إنو كل شي موثق بالزبط. محمد حس براحة لأنو رح يقدر يورجي الأوراق لشركة التأمين. ,Syrian
 كان أحمد يبحث عن قاموس جيب في المكتبة ليساعده في دراسته للغة الإنجليزية. وجد واحدًا مناسبًا، فقد كان صغيرًا وعمليًا. دفع ثمن القاموس وشعر بسعادة لأنه سيكون مفيدًا في رحلته القادمة. استعمله كل يوم وتحسنت لغته الإنجليزية بشكل ملحوظ. , أحمد كان عم يدور على قاموس جيب بالمكتبة ليساعده بدراستو للإنكليزي. لقى واحد منيح، صغير وعملي. دفع مصاري وفرح لأنو رح يستفيد منو بسفرتو الجاي. استخدمو كل يوم وتحسنت لغتو الإنكليزية كتير. ,Syrian
 حسناً، أنا لا أعلم ماذا حدث بالضبط، ولكن يبدو أن القط قد تسلق الشجرة ولم يستطع النزول. استدعينا رجال الإطفاء لمساعدته. وبعد جهود حثيثة، تمكنوا من إنقاذه. شكرتهم كثيرًا لأنهم أعادوا القط إلى أرض الأمان. , طيب، أنا ما بعرف شو صار بالضبط، بس شكلها القطة طلعت على الشجرة وما قدرت تنزل. استدعينا رجال الإطفاء ليساعدوها. وبعد جهد جهيد، قدروا ينقذوها. شكرتهم كتير لأنهم رجعوا القطة للأمان. ,Syrian
 مبروك، علمت أنه قد تم ترقيتك إلى نائب رئيس. في يوم الترقية، استعد خالد بكل حماس ليذهب إلى العمل. وعند وصوله، استقبله زملاؤه بالتصفيق والتهاني. شعر بالفخر والسعادة لهذا الإنجاز، وعزم على مواصلة العمل بجد وإخلاص. , مبروك، سمعت إنك ترقيت لمساعد الرئيس. بيوم الترقية، خليل استعد بكل حماس ليروح على شغله. لما وصل، زملاؤه استقبلوه بتصفيق ومباركات. حس بالفخر والفرح لهالإنجاز، وقرر يكمل شغله بجهد ووفاء. ,Syrian
 مساء بعد غد، سيعقد القرية احتفالاً كبيراً يشمل الألعاب النارية والرقص. وسيجتمع الناس من كل أنحاء المنطقة لمشاركة الفرح والمأكولات التقليدية. ستقدم الفرق الموسيقية عروضاً حية، وستكون الموسيقى ساحرة تملأ الأجواء. وبينما تغرب الشمس، ستضاء السماء بألوان الألعاب النارية، معلنة نهاية يوم لا يُنسى. , مسا بعد بكرا، القرية رح تعمل عيد كبير فيه الألعاب النارية والرقص. الناس رح يجوا من كل المناطق ليشاركوا الفرح وياكلوا الأكل التراثي. الفرق الموسيقية رح تقدم عروض حية، والموسيقى رح تكون ساحرة تملي الأجواء. ولما تغرب الشمس، السما رح تنور بألوان الألعاب النارية، وتعلن نهاية يوم ما بينتسى. ,Syrian
 في جنوب اليابان حيث البحار الدافئة، يوجد صياد قديم يعيش وحيدًا في بيت صغير. كل صباح، يأخذ قاربه الخشبي الصغير ويبحر بحثًا عن الأسماك. يتميز بالصبر والهدوء، ويعتبر البحر صديقه الوحيد. في المساء، يعود إلى قريته حاملاً ما اصطاده، ويشارك قصص البحر مع الأطفال. , بجنوب اليابان وين البحر دافي، في صياد عجوز عايش لحالو ببيت صغير. كل صبح، بياخد قاربو الخشبي الصغير وبيطلع عالبحر يدور على السمك. بيتصف بالصبر والهدوء، وبشوف البحر صاحبو الوحيد. بالمسا، بيرجع على قريتو معبي شبكتو باللي صاد، وبيقلل الأولاد حكايات البحر. ,Syrian
 اشترى أحمد تذكرة ذهاب وعودة إلى شيكاغو لحضور مؤتمر علمي. وصل إلى المدينة واستمتع بزيارة المعالم الشهيرة. التقى هناك بباحثين من مختلف دول العالم. عاد إلى وطنه مليئاً بالأفكار والخبرات الجديدة. , أحمد اشترى تذكرة ذهاب وعودة لشيكاغو ليشارك بمؤتمر علمي. وصل على المدينة واستمتع بزيارة أهم الأماكن. تعرف على علماء من كل العالم. رجع لبلده معبى بالأفكار والتجارب الجديدة. ,Syrian
 في يوم من الأيام، قرر أحمد أن يجرب وجبة جديدة في المطعم المحلي. عندما قرأ القائمة، وجد خيارًا يحتوي على لحم خنزير مملح. ولكنه تذكر أن تناول لحم الخنزير محرم في دينه. فقرر أن يطلب طبقًا آخر يحتوي على الدجاج والأرز بدلًا من ذلك. , بيوم من الأيام، أحمد قرر يجرب طبق جديد بالمطعم يلي بالحي. يوم قرأ المنيو، شاف خيار فيه لحم خنزير مملح. بس تذكر إنو أكل لحم الخنزير ممنوع بدينو. فقرر يطلب طبق تاني فيه دجاج ورز بدل هاد. ,Syrian
 في يوم مشمس، ذهب أحمد إلى المكتبة للدراسة. وجد مكاناً هادئاً بين الرفوف وبدأ بقراءة كتبه. بعد ساعات، انضمت إليه صديقته سارة لمساعدته. انتهى اليوم بنجاح حيث استطاع أحمد أن يفهم ويحل جميع المسائل الصعبة. , بيوم مشمس، راح أحمد عالمكتبة يدرس. لقى مكان هادي بين الرفوف وبلش يقرأ كتبو. بعد شوي، اجت صاحبتو سارة تساعدو. خلص النهار بنجاح وأحمد فهم وحل كل الأسئلة الصعبة. ,Syrian
" في يوم عاصف، احتاجت السيدة أمينة للذهاب إلى السوق بسرعة. وجدت صعوبة في إيقاف سيارة أجرة بسبب الأمطار الغزيرة. عندما اقتربت سيارة، صرخت قائلة: ""من فضلك، أسرع!"" وأخيرًا تمكنت من الوصول إلى وجهتها في الوقت المحدد. "," بيوم مطر كتير، كان لازم أمينة تروح على السوق بسرعة. ما كانت قادرة تلاقي تاكسي من ورا المطر الغزير. يوم ما وقفتلها تاكسي، صرخت: ""لو سمحت، بسرعة!"" وأخيراً قدرت توصل على المكان يلي بدها ياه بالوقت المناسب. ",Syrian
 كان تاناب ينتظر صديقه عند الساعة السابعة. وعندما وصل الشخص الآخر، بدأت بينهما محادثة مهمة. تحدثا عن مشروع مشترك كانا يخططان له. وفي نهاية اللقاء، اتفقا على الخطوات القادمة وودع كل منهما الآخر بحرارة. , كان تاناب عم يستنى رفيقو عند الساعة سبعة. لما وصل الشخص التاني، ابتدوا يحكوا بموضوع مهم. حكوا عن مشروع مشترك كانوا ناويين يشتغلوا عليه. وبنهاية اللقاء، اتفقوا على الخطوات يلي رح يعملوها وتودعوا بحماس. ,Syrian
 التكييف لا يعمل، فقرر أحمد الاتصال بالصيانة. وصل الفني وتبين أن العطل بسيط ويمكن إصلاحه. بعد ساعة من العمل، عاد التكييف للعمل بكفاءة. شعر أحمد بالارتياح وهو يستعد لقضاء باقي اليوم براحة. , المكيف ما عم يشتغل، فاتصل أحمد بالصيانة. الصياني إجا وشاف أنو العطل صغير وفينا نصلحو. بعد ساعة شغل، صار المكيف يشتغل منيح. أحمد حس بالراحة وصار جاهز ليقضي باقي اليوم برتاح. ,Syrian
 كانت تستيقظ مبكراً كل يوم اثنين لتحضير الفطور لعائلتها. تعد البيض المقلي والخبز الطازج مع الشاي الساخن. بعد الانتهاء من الفطور، تبدأ في ترتيب البيت والاهتمام بالحديقة. أنها هكذا كل يوم اثنين، تملأ البيت بالحب والدفء. , كل يوم اثنين بتصحى بكير تجهز الفطور لعيلتها. بتعمل بيض مقلي وخبز طازج وشاي حار. بعد ما تخلص الفطور، بتبلش ترتب البيت وتهتم بالحديقة. هيك هي كل يوم اثنين، بتحط الحب والدفا بالبيت. ,Syrian
" وصل محمد إلى المطار مبكرًا، وهو يحمل حقيبته بين يديه. سمع صوت المذيع يطلب منه التوجه إلى قاعة المغادرة الدولية. ودع أصدقائه قائلًا: ""من فضلك اذهب على قاعة المغادرة الدولية، أتمنى لك رحلة سعيدة"". صعد إلى الطائرة متطلعًا إلى مغامرته الجديدة بكل حماس. "," وصل محمد عالمطار بكير ومعو شنتتو بإيدو. سمع صوت المذيع عم يطلب منو يتجه لقاعة المغادرة الدولية. ودع أصحابو وقلن: ""تفضلو على قاعة المغادرة الدولية، بتمنالكم رحلة سعيدة"". طلع عالطيارة وعيونو عم تبرق بالحماس للمغامرة الجديدة. ",Syrian
" كان أحمد يرغب في زيارة باريس لمشاهدة برج إيفل. فسأل وكيل السفر: ""هل لديك أية رحلات إلى باريس عبر قطار يوروستار؟"" وكيل السفر أكد له أن هناك رحلة متاحة الأسبوع المقبل. أحمد حجز تذكرته وتحمس للغاية لبدء مغامرته. "," أحمد كان ناوي يروح على باريس ليشوف برج إيفل. سأل الوكيل: ""في عندكن رحلات على باريس بقطار يوروستار؟"" الوكيل قللو في رحلة موجودة الأسبوع الجاي. أحمد حجز تذكرتو وصار متحمس كتير للسفرة. ",Syrian
 كانت ساعة سيكو رقمية هدية من جدي. كل يوم، كانت تذكرني بالأوقات الجميلة التي قضيتها معه. ذات يوم، ضاعت الساعة وشعرت بحزن عميق. بعد البحث المتواصل، وجدتها تحت السرير، فعادت لي الذكريات السعيدة. , ساعتي السيكو الرقمية كانت هدية من جدي. كل يوم، كانت تذكرني بالأوقات الحلوة يلي قضيتها معو. في يوم من الأيام، ضاعت الساعة وحسيت بحزن كبير. بعد ما دورت كتير، لقيتها تحت السرير ورجعتلي الذكريات الحلوة. ,Syrian
 لقد أحضرت الشهادة الطبية لطبيبي من اليابان. وعندما رآها، بدا معجبًا بالدقة والاحترافية التي كُتبت بها. ثم قرر أن يعتمد هذه الطريقة في عيادته. ومع الوقت، أصبحت العيادة مثالاً يُحتذى به في المدينة. , جبت الشهادة الطبية لدكتوري من اليابان. ولما شافها، انبهر بالدقة والاحترافية يلي انكتبت فيها. من بعدها قرر يتبنى هالطريقة بعيادته. ومع الأيام، صارت العيادة مثال يُقتدى فيه بالمدينة. ,Syrian
 ذهب محمد إلى المستشفى ليستلم فواتير علاجه الطبي. سأل الطبيب إذا ما كانت الفواتير تشمل كل التفاصيل. أكد الطبيب أن كل شيء موثق بدقة. شعر محمد بالارتياح لأنه سيتمكن من تقديم الوثائق لشركة التأمين. , محمد راح عالمشفى ليستلم فواتير العلاج تبعو. سأل الدكتور إذا كانت الفواتير فيها كل التفاصيل. الدكتور أكدلو إنو كل شي موثق بالزبط. محمد حس براحة لأنو رح يقدر يورجي الأوراق لشركة التأمين. ,Syrian
 كان أحمد يبحث عن قاموس جيب في المكتبة ليساعده في دراسته للغة الإنجليزية. وجد واحدًا مناسبًا، فقد كان صغيرًا وعمليًا. دفع ثمن القاموس وشعر بسعادة لأنه سيكون مفيدًا في رحلته القادمة. استعمله كل يوم وتحسنت لغته الإنجليزية بشكل ملحوظ. , أحمد كان عم يدور على قاموس جيب بالمكتبة ليساعده بدراستو للإنكليزي. لقى واحد منيح، صغير وعملي. دفع مصاري وفرح لأنو رح يستفيد منو بسفرتو الجاي. استخدمو كل يوم وتحسنت لغتو الإنكليزية كتير. ,Syrian
 حسناً، أنا لا أعلم ماذا حدث بالضبط، ولكن يبدو أن القط قد تسلق الشجرة ولم يستطع النزول. استدعينا رجال الإطفاء لمساعدته. وبعد جهود حثيثة، تمكنوا من إنقاذه. شكرتهم كثيرًا لأنهم أعادوا القط إلى أرض الأمان. , طيب، أنا ما بعرف شو صار بالضبط، بس شكلها القطة طلعت على الشجرة وما قدرت تنزل. استدعينا رجال الإطفاء ليساعدوها. وبعد جهد جهيد، قدروا ينقذوها. شكرتهم كتير لأنهم رجعوا القطة للأمان. ,Syrian
 مبروك، علمت أنه قد تم ترقيتك إلى نائب رئيس. في يوم الترقية، استعد خالد بكل حماس ليذهب إلى العمل. وعند وصوله، استقبله زملاؤه بالتصفيق والتهاني. شعر بالفخر والسعادة لهذا الإنجاز، وعزم على مواصلة العمل بجد وإخلاص. , مبروك، سمعت إنك ترقيت لمساعد الرئيس. بيوم الترقية، خليل استعد بكل حماس ليروح على شغله. لما وصل، زملاؤه استقبلوه بتصفيق ومباركات. حس بالفخر والفرح لهالإنجاز، وقرر يكمل شغله بجهد ووفاء. ,Syrian
 مساء بعد غد، سيعقد القرية احتفالاً كبيراً يشمل الألعاب النارية والرقص. وسيجتمع الناس من كل أنحاء المنطقة لمشاركة الفرح والمأكولات التقليدية. ستقدم الفرق الموسيقية عروضاً حية، وستكون الموسيقى ساحرة تملأ الأجواء. وبينما تغرب الشمس، ستضاء السماء بألوان الألعاب النارية، معلنة نهاية يوم لا يُنسى. , مسا بعد بكرا، القرية رح تعمل عيد كبير فيه الألعاب النارية والرقص. الناس رح يجوا من كل المناطق ليشاركوا الفرح وياكلوا الأكل التراثي. الفرق الموسيقية رح تقدم عروض حية، والموسيقى رح تكون ساحرة تملي الأجواء. ولما تغرب الشمس، السما رح تنور بألوان الألعاب النارية، وتعلن نهاية يوم ما بينتسى. ,Syrian
 في جنوب اليابان حيث البحار الدافئة، يوجد صياد قديم يعيش وحيدًا في بيت صغير. كل صباح، يأخذ قاربه الخشبي الصغير ويبحر بحثًا عن الأسماك. يتميز بالصبر والهدوء، ويعتبر البحر صديقه الوحيد. في المساء، يعود إلى قريته حاملاً ما اصطاده، ويشارك قصص البحر مع الأطفال. , بجنوب اليابان وين البحر دافي، في صياد عجوز عايش لحالو ببيت صغير. كل صبح، بياخد قاربو الخشبي الصغير وبيطلع عالبحر يدور على السمك. بيتصف بالصبر والهدوء، وبشوف البحر صاحبو الوحيد. بالمسا، بيرجع على قريتو معبي شبكتو باللي صاد، وبيقلل الأولاد حكايات البحر. ,Syrian
 اشترى أحمد تذكرة ذهاب وعودة إلى شيكاغو لحضور مؤتمر علمي. وصل إلى المدينة واستمتع بزيارة المعالم الشهيرة. التقى هناك بباحثين من مختلف دول العالم. عاد إلى وطنه مليئاً بالأفكار والخبرات الجديدة. , أحمد اشترى تذكرة ذهاب وعودة لشيكاغو ليشارك بمؤتمر علمي. وصل على المدينة واستمتع بزيارة أهم الأماكن. تعرف على علماء من كل العالم. رجع لبلده معبى بالأفكار والتجارب الجديدة. ,Syrian
 في يوم من الأيام، قرر أحمد أن يجرب وجبة جديدة في المطعم المحلي. عندما قرأ القائمة، وجد خيارًا يحتوي على لحم خنزير مملح. ولكنه تذكر أن تناول لحم الخنزير محرم في دينه. فقرر أن يطلب طبقًا آخر يحتوي على الدجاج والأرز بدلًا من ذلك. , بيوم من الأيام، أحمد قرر يجرب طبق جديد بالمطعم يلي بالحي. يوم قرأ المنيو، شاف خيار فيه لحم خنزير مملح. بس تذكر إنو أكل لحم الخنزير ممنوع بدينو. فقرر يطلب طبق تاني فيه دجاج ورز بدل هاد. ,Syrian
 في يوم مشمس، ذهب أحمد إلى المكتبة للدراسة. وجد مكاناً هادئاً بين الرفوف وبدأ بقراءة كتبه. بعد ساعات، انضمت إليه صديقته سارة لمساعدته. انتهى اليوم بنجاح حيث استطاع أحمد أن يفهم ويحل جميع المسائل الصعبة. , بيوم مشمس، راح أحمد عالمكتبة يدرس. لقى مكان هادي بين الرفوف وبلش يقرأ كتبو. بعد شوي، اجت صاحبتو سارة تساعدو. خلص النهار بنجاح وأحمد فهم وحل كل الأسئلة الصعبة. ,Syrian
" في يوم عاصف، احتاجت السيدة أمينة للذهاب إلى السوق بسرعة. وجدت صعوبة في إيقاف سيارة أجرة بسبب الأمطار الغزيرة. عندما اقتربت سيارة، صرخت قائلة: ""من فضلك، أسرع!"" وأخيرًا تمكنت من الوصول إلى وجهتها في الوقت المحدد. "," بيوم مطر كتير، كان لازم أمينة تروح على السوق بسرعة. ما كانت قادرة تلاقي تاكسي من ورا المطر الغزير. يوم ما وقفتلها تاكسي، صرخت: ""لو سمحت، بسرعة!"" وأخيراً قدرت توصل على المكان يلي بدها ياه بالوقت المناسب. ",Syrian
 كان تاناب ينتظر صديقه عند الساعة السابعة. وعندما وصل الشخص الآخر، بدأت بينهما محادثة مهمة. تحدثا عن مشروع مشترك كانا يخططان له. وفي نهاية اللقاء، اتفقا على الخطوات القادمة وودع كل منهما الآخر بحرارة. , كان تاناب عم يستنى رفيقو عند الساعة سبعة. لما وصل الشخص التاني، ابتدوا يحكوا بموضوع مهم. حكوا عن مشروع مشترك كانوا ناويين يشتغلوا عليه. وبنهاية اللقاء، اتفقوا على الخطوات يلي رح يعملوها وتودعوا بحماس. ,Syrian
 التكييف لا يعمل، فقرر أحمد الاتصال بالصيانة. وصل الفني وتبين أن العطل بسيط ويمكن إصلاحه. بعد ساعة من العمل، عاد التكييف للعمل بكفاءة. شعر أحمد بالارتياح وهو يستعد لقضاء باقي اليوم براحة. , المكيف ما عم يشتغل، فاتصل أحمد بالصيانة. الصياني إجا وشاف أنو العطل صغير وفينا نصلحو. بعد ساعة شغل، صار المكيف يشتغل منيح. أحمد حس بالراحة وصار جاهز ليقضي باقي اليوم برتاح. ,Syrian
 كانت تستيقظ مبكراً كل يوم اثنين لتحضير الفطور لعائلتها. تعد البيض المقلي والخبز الطازج مع الشاي الساخن. بعد الانتهاء من الفطور، تبدأ في ترتيب البيت والاهتمام بالحديقة. أنها هكذا كل يوم اثنين، تملأ البيت بالحب والدفء. , كل يوم اثنين بتصحى بكير تجهز الفطور لعيلتها. بتعمل بيض مقلي وخبز طازج وشاي حار. بعد ما تخلص الفطور، بتبلش ترتب البيت وتهتم بالحديقة. هيك هي كل يوم اثنين، بتحط الحب والدفا بالبيت. ,Syrian
" وصل محمد إلى المطار مبكرًا، وهو يحمل حقيبته بين يديه. سمع صوت المذيع يطلب منه التوجه إلى قاعة المغادرة الدولية. ودع أصدقائه قائلًا: ""من فضلك اذهب على قاعة المغادرة الدولية، أتمنى لك رحلة سعيدة"". صعد إلى الطائرة متطلعًا إلى مغامرته الجديدة بكل حماس. "," وصل محمد عالمطار بكير ومعو شنتتو بإيدو. سمع صوت المذيع عم يطلب منو يتجه لقاعة المغادرة الدولية. ودع أصحابو وقلن: ""تفضلو على قاعة المغادرة الدولية، بتمنالكم رحلة سعيدة"". طلع عالطيارة وعيونو عم تبرق بالحماس للمغامرة الجديدة. ",Syrian
" كان أحمد يرغب في زيارة باريس لمشاهدة برج إيفل. فسأل وكيل السفر: ""هل لديك أية رحلات إلى باريس عبر قطار يوروستار؟"" وكيل السفر أكد له أن هناك رحلة متاحة الأسبوع المقبل. أحمد حجز تذكرته وتحمس للغاية لبدء مغامرته. "," أحمد كان ناوي يروح على باريس ليشوف برج إيفل. سأل الوكيل: ""في عندكن رحلات على باريس بقطار يوروستار؟"" الوكيل قللو في رحلة موجودة الأسبوع الجاي. أحمد حجز تذكرتو وصار متحمس كتير للسفرة. ",Syrian
 كانت ساعة سيكو رقمية هدية من جدي. كل يوم، كانت تذكرني بالأوقات الجميلة التي قضيتها معه. ذات يوم، ضاعت الساعة وشعرت بحزن عميق. بعد البحث المتواصل، وجدتها تحت السرير، فعادت لي الذكريات السعيدة. , ساعتي السيكو الرقمية كانت هدية من جدي. كل يوم، كانت تذكرني بالأوقات الحلوة يلي قضيتها معو. في يوم من الأيام، ضاعت الساعة وحسيت بحزن كبير. بعد ما دورت كتير، لقيتها تحت السرير ورجعتلي الذكريات الحلوة. ,Syrian
 لقد أحضرت الشهادة الطبية لطبيبي من اليابان. وعندما رآها، بدا معجبًا بالدقة والاحترافية التي كُتبت بها. ثم قرر أن يعتمد هذه الطريقة في عيادته. ومع الوقت، أصبحت العيادة مثالاً يُحتذى به في المدينة. , جبت الشهادة الطبية لدكتوري من اليابان. ولما شافها، انبهر بالدقة والاحترافية يلي انكتبت فيها. من بعدها قرر يتبنى هالطريقة بعيادته. ومع الأيام، صارت العيادة مثال يُقتدى فيه بالمدينة. ,Syrian
 في الطائرة المتجهة إلى بيروت، قرر ماجد تصفح مجلة الرحلة. وجد فيها قائمة المشروبات، واختار عصير البرتقال. جاءت المضيفة مبتسمة لتقدم له الشراب مع وجبة الغداء. شعر ماجد بالرضا وهو يتناول طعامه ويتأمل السحاب خارج النافذة. , بالطيارة يللي عم تروح على بيروت، ماجد فتح مجلة الرحلة ليقرا. لقى قائمة المشروبات واختار عصير برتقال. المضيفة جاتلا بابتسامة وقدمتلو الشراب مع الغدا. ماجد حس بالراحة وهو عم ياكل وعم يتأمل الغيوم من الشباك. ,Syrian
" في يوم من الأيام، سأل الطفل الغريب العجوز في الحديقة: ""هل تعيش بالقرب من هنا؟"" فأجاب العجوز بابتسامة عريضة ودعا الطفل لزيارته في منزله الصغير الذي يقع خلف الحديقة مباشرة. ومنذ ذلك اليوم، أصبح الطفل يزور العجوز يومياً، وتعلم الكثير من حكاياته وخبراته. تحولت الصداقة بينهما إلى قصة ملهمة لجميع سكان الحي. "," مرة، سأل الصبي الشيخ اللي قاعد بالحديقة: ""عمو، إنت ساكن قريب من هون؟"" الشيخ ابتسم وعزم الصبي يزورو ببيتو الصغير يلي ورا الحديقة مباشرة. من وقتها، الصبي صار يعيط عالشيخ كل يوم، وتعلم كتير من حكاياتو وخبراتو. الصداقة بيناتهم صارت قصة ملهمة لكل اللي بالحارة. ",Syrian
" كان أحمد يملك متجر هدايا صغير وأراد أن يرسل بعض المنتجات إلى اليابان. تحدث مع شركة الشحن وسألهم: ""هل يمكنك أن ترسلها إلى اليابان؟"" وافقت الشركة وأخبرته بكافة الإجراءات اللازمة. بعد أيام قليلة، تلقى أحمد تأكيدًا بأن الهدايا وصلت إلى اليابان بسلام. "," كان أحمد عندو محل صغير للهدايا وبدو يرسل شوية منتجات عاليابان. حكى مع شركة الشحن وقللهم: ""فيكن تبعتوها لليابان؟"" الشركة وافقت وقلتلو شو لازم يعمل. بعد كم يوم، أحمد استلم رسالة تؤكد إنو الهدايا وصلت لليابان بالسلامة. ",Syrian
 ذهب يوسف إلى المول ليبحث عن محل الهدايا. وجده بعد بحث طويل في الطابق الثاني. اشترى هدية لأخته وكانت سعيدة جداً بها. عاد إلى البيت مسروراً بما اختار. , يوسف راح عالمول يدور على محل الهدايا. لقاه بعد ما دور كتير بالطابق التاني. اشترى هدية لأختو وكتير فرحت فيها. رجع عالبيت مبسوط باللي اختار. ,Syrian
 وافقت نورا على الالتقاء بصديقها يوم الجمعة. وعندما جاء ذلك اليوم، استيقظت مبكرًا وأعدت نفسها للخروج. ولكنها تلقت رسالة من صديقها يعتذر فيها عن التأخير. فقررت نورا أن تستغل الوقت في قراءة كتابها المفضل. , نورا موافقة تقابل صديقها يوم الجمعة. يومها، صحيت بكير وجهزت حالها للطلعة. بس استلمت مسج منو بيعتذر عن التأخير. فقررت نورا تستفيد من الوقت وتقرأ كتابها يلي بتحبو. ,Syrian
 حسنا، دعني أتثبت من المفقود والموجود. أي نوع من الكاميرات هي؟ فتح الدرج ليجد أن الكاميرا القديمة قد اختفت. تذكر أنه رآها آخر مرة على الطاولة بجانب النافذة. بحث في كل زاوية من المنزل، شعر بالقلق. في النهاية، وجدها مخبأة تحت كومة من الكتب القديمة. , طيب، خليني شوف شو اللي ناقص وشو الموجود. شو نوع الكاميرات هي؟ فتح الدرج ليلاقي إنو الكاميرا العتيقة اختفت. تذكر إنو شافها آخر مرة على الطاولة جنب الشباك. دور بكل زاوية بالبيت، حس بقلق. آخر شي، لقاها مخباية تحت كومة من الكتب القديمة. ,Syrian
 أنا أسف جدا، نحن نجهز لك الغرفة التي طلبتها. لقد وصل الرجل متأخراً إلى الفندق بسبب عطل في سيارته. بعد اعتذار موظف الاستقبال، أخبره أن الغرفة ستكون جاهزة بعد دقائق. شعر الرجل بارتياح لأن الخدمة كانت سريعة وكفؤة. أخيراً، استراح في غرفته متأملاً جمال الإطلالة من النافذة. , أنا آسف كتير، نحنا عم نجهزلك الغرفة يلي طلبتها. الرجال وصل متأخر على الفندق بسبب عطل بالسيارة تبعتو. بعد ما عتذر موظف الاستقبال، قللو إنو الغرفة رح تكون جاهزة بعد شوي. الرجال حس بارتياح لأن الخدمة كانت سريعة وكفو. بالآخر، رتاح بغرفتو وهوي عم يتأمل المنظر الحلو من الشباك. ,Syrian
 وجدت أحمد خريطة قديمة في السوق، وسأل البائع إذا يمكنه الاحتفاظ بها. أظهرت الخريطة محطات مترو الأنفاق ومحطات الحافلات بوضوح. أخبره البائع أن الخريطة تعود لزمن كانت المدينة في أوج عمرانها. شعر أحمد بشغف لاكتشاف تاريخ المدينة من خلال هذه الخريطة. , لقى أحمد خريطة قديمة بالسوق، وسأل البياع إذا فيو ياخدها. الخريطة كانت واضحة فيها محطات المترو ومحطات الباصات. قللو البياع إنو الخريطة من وقت كانت المدينة عم تزدهر. حس أحمد بحماسة ليكتشف تاريخ المدينة من خلال هالخريطة. ,Syrian
 آه لقد فقدت شبزوكي. بدأت البحث عنه في كل مكان، ولكن دون جدوى. شعرت بالحزن الشديد لأنه كان صديقي المفضل. في النهاية، وجدته يختبئ في الحديقة وكانت سعادتي لا توصف. , آه لقديت شبزوكي. صرت دور عليه بكل مكان، بس ما لقيتو. صرت زعلان كتير لأنو كان صاحبي المفضل. آخر شي، لقيتو مخبى بالحديقة وفرحتي ما عم بتوصف. ,Syrian
 كنت أسير على الطريق الرئيسي بجانب خليج موروا عندما شاهدتُ غروب الشمس الساحر. فجأة، لمحتُ قارب صيد قديم يقترب من الشاطئ. اقتربتُ لألقي نظرة أفضل ووجدتُ رجلاً عجوزاً يحكي قصص البحار. قضيتُ الساعات القادمة أستمع إلى حكاياته المثيرة وأتأمل جمال الطبيعة المحيطة. , كنت ماشي عالطريق الأساسي جنب خليج موروا وشفت الغروب شو حلو. فجأة، لمحت مركب صيد قديم عم يتقرب من الشاطئ. قربت لحتى شوف منيح ولقيت شايب عم يحكي حكايات البحر. قعدت ساعات بسمع لقصصو الممتعة وعم طالع على جمال الطبيعة يللي حوالينا. ,Syrian
 نعم، نحن لدينا منهج نصف يوم، ومنهج ليوم كامل. في المدرسة، كان الطلاب يختارون المنهج الذي يناسبهم. طارق اختار المنهج الكامل ليستفيد أكثر. وبعد سنة، استطاع طارق التفوق بفضل جهده والمنهج المتكامل. , ايه، عنا منهاج لنص يوم، ومنهاج ليوم كامل. بالمدرسة، الطلاب بيقدروا يختاروا المنهاج يلي بيناسبهم. طارق اختار المنهاج الكامل حتى يستفيد أكتر. وبعد سنة، طارق قدر يتفوق بفضل جهودو والمنهاج الكامل. ,Syrian
 كان هناك طائر جميل يحلق في السماء الزرقاء، وكان يحبذ أن يطير عالياً ليرى العالم من حوله. في يوم من الأيام، وجد مكانًا مثاليًا لبناء عشه. ومع مرور الوقت، أصبح العش ملاذًا لطيور أخرى تحبذ أيضًا حلق في السماء الواسعة. , كان في عصفور حلو عم يطير بالسما الزرقا، وكان دايمًا بيحب يطير عالي ليشوف العالم من حواليه. بيوم من الأيام، لقى محل منيح ليبني فيه عشو. ومع الوقت، صار العش ملجأ لعصافير تانية بتحب كمان تطير عالي بالسما الواسعة. ,Syrian
 ذهب محمد إلى المتجر لشراء منبه جديد. وجد العديد من الأنواع لكنه اختار واحدًا متطورًا. دفع ثمنه وعاد إلى البيت مسرورًا. في اليوم التالي، استيقظ مبكرًا بفضل المنبه الجديد. , محمد راح عالمحل يشتري منبه جديد. لاقى كتير أنواع بس اختار واحد متطور. دفع تمنو ورجع عالبيت مبسوط. تاني يوم، صحى بكير بفضل المنبه الجديد. ,Syrian
" في أحد الأيام، قرر محمد إلغاء حجزه في فندق الواحة لأنه وجد مكانًا أقرب إلى موقع العمل. اتصل بالفندق وقال، ""أريد إلغاء حجزي، من فضلك."" تفهم موظف الاستقبال الوضع وألغى الحجز دون رسوم إضافية. شعر محمد بالراحة لأنه سيوفر الوقت والمال في التنقلات. "," بيوم من الأيام، محمد قرر يلغي حجزو بفندق الواحة لأنو لقى مكان أقرب لشغلو. اتصل بالفندق وقال، ""بدي إلغي حجزي، لو سمحت."" الموظف بالاستقبال فهم الوضع وألغى الحجز من دون ما يطلب رسوم إضافية. محمد حس بالراحة لأن رح يوفر وقت ومصاري بالمواصلات. ",Syrian
" في يوم من الأيام، كان هناك رجل يتساءل ""ما هو نظام الاسترداد؟""، فقرر البحث عن إجابة. وبعد جهد وبحث طويل، اكتشف أن نظام الاسترداد عبارة عن مجموعة من الإجراءات التي تسمح للمستهلكين بإعادة السلع أو الحصول على تعويض في حالة وجود عيب. شعر بالرضا لأنه أصبح يعرف حقوقه كمستهلك، وقرر أن يشارك معلوماته هذه مع الآخرين ليستفيدوا. "," بيوم من الأيام، في واحد كان عم يفكر ""شو يعني نظام الاسترداد؟""، قرر يدور على الجواب. وبعد تعب وبحث كتير، اكتشف إنو نظام الاسترداد هو مجموعة إجراءات بتسمح للزباين يرجعو السلع أو ياخدو تعويض إذا كان في عيب. حس بالراحة لأنه صار يعرف حقوقه كزبون، وقرر ينشر هالمعلومة للناس ليستفيدوا. ",Syrian
 في إحدى الليالي المظلمة، اكتشف أحمد أن الإضاءة لا تعمل في منزله. حاول إصلاحها بنفسه، لكن دون جدوى. دعا الكهربائي الذي وجد مشكلة في الأسلاك. بعد الإصلاح، عادت الأنوار لتضيء المنزل مجددًا. , بإحدى الليالي المظلمة، اكتشف أحمد إنو الإضاءة ما عم تشتغل ببيتو. حاول يصلحها لحالو، بس ما قدر. استدعى الكهربجي يلي لقى المشكلة بالأسلاك. بعد التصليح، النور رجع ينور البيت من جديد. ,Syrian
 بالمناسبة، اسمي هيروشي إيجيما، وأنا باحث ياباني مقيم في القاهرة. جئت إلى هنا لدراسة اللغة العربية وآثار الفراعنة. في كل يوم، أذهب إلى المكتبة لأقرأ الكتب النادرة. وقد وجدت صديقًا مصريًا يشاركني شغفي بالتاريخ. , بالمناسبة، اسمي هيروشي إيجيما، وأنا باحث ياباني عايش بالقاهرة. جيت على هون لدراسة اللغة العربية وآثار الفراعنة. كل يوم بروح على المكتبة لقراءة الكتب القديمة. وصرت صديق مع واحد من مصر بيحب التاريخ متلي. ,Syrian
 كان أحمد يعمل مع شركة دولية وكان عليه أن يعقد اجتماعاً مع زملائه في طوكيو. فتساءل ما هو فارق التوقيت بين طوكيو وهنا. بعد البحث عرف أن الفارق هو ٩ ساعات. فاضطر أحمد لضبط منبهه ليستيقظ في منتصف الليل لحضور الاجتماع. , أحمد كان عم يشتغل مع شركة دولية وكان لازم يعمل اجتماع مع زملائو بطوكيو. سأل حالو شو فرق الوقت بين طوكيو وهون. لما بحث عرف إنو الفرق تسع ساعات. فصار لازم أحمد يظبط المنبه عشان يصحى بنص الليل ويحضر الاجتماع. ,Syrian
 في يوم مشمس، استقل محمد القطار متوجهاً إلى لاك فورست. وأثناء الرحلة، تعرف على راكب بجانبه يدعى أحمد. بدأ الاثنان بتبادل الحديث عن وجهتهما وما يخططان لفعله هناك. وعندما اقترب القطار من المحطة، تأكد محمد من أن القطار يتوقف في لاك فورست، فأومأ أحمد برأسه مؤكداً. , بيوم مشمس، محمد ركب القطار عم يروح ع لاك فورست. وبالطريق، تعرف على شخص حدو اسمو أحمد. صارو يحكو عن وجهتن وشو ناويين يعملو هنيك. ولما صار القطار قريب عالمحطة، محمد بدو يتأكد إذا القطار رح يوقف بلاك فورست، وأحمد أيد براسو. ,Syrian
" في أحد الأسواق الشعبية، سأل رجل تاجراً عن سعر بعض البضائع، فأجابه التاجر بابتسامة، ""كم السعر الإجمالي؟""، فأخرج الرجل محفظته وأعطى التاجر النقود بعد أن حصل على إجابة. "," بسوق من الأسواق الشعبية، واحد سأل صاحب دكان عن سعر شوية أغراض، البائع ابتسم وقال له ""أديش السعر الكلي؟""، الزبون طلع مصريفو وعطا البائع المصاري بعد ما عرف الحساب. ",Syrian
 شكراً يا سيدي، لقد أنقذت حياتي. عندما سقطت في النهر، جاء الرجل الشجاع وأمسك بيدي. بعد أن أخرجني من الماء، قدم لي بطانية دافئة وشاياً ساخناً. لن أنسى معروفه طوال حياتي. , شكراً كتير يا سيدي، إنت أنقذتني وخلصتلي حياتي. لما طحت بالنهر، إجا واحد شجاع ومسك إيدي. بعد ما طلعني من المي، عطاني بطانية دافية وشاي سخن. ما رح نسى معروفو لئلي العمر كلو. ,Syrian
 تقدم للأمام واتجه يمينًا عند الناصية الثالثة، فوجد بابًا خشبيًا قديمًا. دق الباب بحذر، ففتحت له عجوز تحمل مصباحًا. طلب منها المساعدة فأشارت إلى كتاب على الطاولة. كان الكتاب مفتاحًا لألغاز كثيرة كان يبحث عنها منذ سنوات. , تقدم لقدام واتجه يمين عند الناصية التالتة، لقى باب خشب قديم. خبط الباب على خفيف، فتحتلو وحدة عجوز ماسكة مصباح. طلب منها مساعدة، فأشرتلو على كتاب عالطاولة. الكتاب كان مفتاح لألغاز كتيرة كان عم يدور عليها من سنين. ,Syrian
 في أحد الأيام، استيقظ يوسف وهو يشعر بألم حاد في معدتيه. حاول تجاهل الألم وتناول بعض الأدوية المسكنة، لكن بلا فائدة. اضطر أخيرًا إلى زيارة الطبيب، الذي أخبره بأنه يعاني من التهاب حاد في المعدة ويحتاج إلى الراحة والعلاج. بعد اتباع التعليمات والراحة لعدة أيام، شعر يوسف بتحسن كبير وعاد إلى حياته اليومية بصحة جيدة. , في يوم من الأيام، صحي يوسف وهو عم يحس بألم قوي ببطنو. حاول يتجاهل الوجع وأخد شوية دوا مسكن، بس ما كان في فايدة. اضطر بالآخر يزور الطبيب، اللي قال لو إنو عندو التهاب حاد بالمعدة ولازم يرتاح وياخد علاج. بعد ما عمل بالنصايح ورتاح كم يوم، صار يوسف أحسن بكتير ورجع على حياتو اليومية وهو بصحة جيدة. ,Syrian
 كان هناك شاب ياباني يعشق الأخطبوط والحبار، لذلك قرر أن يتعلم فن طهيهما ببراعة. بعد سنوات من التدريب، أصبح الشاب طاهيًا مشهورًا في طوكيو. كانت مطعمه يجذب السياح من جميع أنحاء العالم لتذوق أطباقه الفريدة. وفي كل مرة يزور فيها الناس مطعمه، كانوا يشيدون بمهارته في تحضير الأخطبوط والحبار. , كان في شاب ياباني بيعشق الأخطبوط والكلمار، فقرر يتعلم كيف يطبخن بشكل ماهر. بعد سنين من التعلم والتمرين، صار الشاب طباخ معروف بطوكيو. مطعمو صار يجذب سياح من كل العالم ليجربو أطباقو الخاصة. وكل مرة الناس بيزورو مطعمو، كانو يمدحوا مهارتو بتحضير الأخطبوط والكلمار. ,Syrian
" في أحد الأيام وأثناء سيري في الحديقة، شاهدت طائراً نادراً يقف على غصن شجرة. استوقفني جماله وألوانه الزاهية فوقفت أتأمله. تساءلت في نفسي ""هل رأيت ذلك من قبل؟"" لأنني لم أرَ مثله في حياتي. بقيت هناك لوقت طويل أراقب الطائر حتى طار بعيداً. "," بيوم من الأيام وأنا عم أمشي بالحديقة، شفت طير نادر واقف على غصن شجرة. جمالو وألوانو الزاهية خلوني واقف مبهور فيه. سألت حالي ""شفت هاد الشي قبل؟"" لأني ما شفت متلو بحياتي. بقيت هنيك فترة طويلة عم طالع على الطير لحتى طار لبعيد. ",Syrian
" أحضر محمد هدية مميزة لعيد ميلاد صديقه العزيز. طلب من البائع أن يقوم بتغليفها بعناية فائقة. قال البائع مبتسمًا: ""أنها هدية. هل يمكنك أن تقوم بلف هذه الهدية لي؟"" فوافق محمد على الفور وشعر بسعادة غامرة لتقديمها. "," جاب محمد هدية حلوة لعيد ميلاد صاحبو المقرب. قللو للبيّاع ياريت تغلفها بأحسن شكل. البيّاع ابتسم وقلو: ""هي هدية. فيك تغلفها إلي؟"" وافق محمد من دون تردد وحس بفرح كبير وهو عم يستعد يقدمها. ",Syrian
 مساء الخير، السيدة كنت. لم نلتقي منذ زمن بعيد. في ذلك اليوم، كان الجو باردا والسماء صافية عندما التقت السيدة كنت بصديقة قديمة في الحديقة. تبادلا الأخبار والذكريات، وضحكا على الأيام الخوالي. قررتا بعد ذلك أن يجددا العهد بلقاءات دورية ليحافظا على الصداقة القوية. ومع غروب الشمس، ودعتا بعضهما بابتسامة دافئة، عازمتين على عدم ترك الزمن يفرق بينهما مجددا. , مساء الخير، السيدة كنت. من زمان ما شفناكِ. بهديك اليوم، كان الجو بارد والسما صافية لما السيدة كنت التقت صاحبتها القديمة بالحديقة. حكوا لبعض الأخبار وتذكروا الذكريات، وضحكوا على أيام زمان. بعدين قرروا يتلاقوا دايماً ليحافظوا على صداقتهم القوية. مع غروب الشمس، ودعوا بعضهم بابتسامة دافية، وحازمين ما يخلوا الزمن يبعدهم عن بعض مرة تانية. ,Syrian
" في يوم حار، ذهب خالد إلى المحطة ليحجز تذكرتين إلى شيكاغو. وقف عند الشباك وسأل بأدب: ""هل يمكنني الحصول على تذكرتين درجة ثانية لشيكاغو، من فضلك؟"" ابتسم الموظف وأعطاه التذاكر، متمنياً له رحلة سعيدة. شعر خالد بسعادة غامرة وهو يتطلع إلى الرحلة. "," بيوم حار، راح خالد عالمحطة ليحجز تذكرتين لشيكاغو. وقف عند الشباك وسأل بأدب: ""فيني جيب تذكرتين درجة تانية لشيكاغو، لو سمحت؟"" الموظف ابتسم وأعطاه التذاكر، وقلّو ""تروح وترجع بالسلامة."" خالد فرح كتير وصار يتطلع للرحلة. ",Syrian
" كان هناك رجل يشعر بالتعاسة دائمًا. ذات يوم، قرر أن يغير من نظرته للحياة ويبحث عن السعادة. بدأ بمساعدة الآخرين واكتشف أن ذلك يجعله سعيدًا. في نهاية المطاف، تحولت حياته وأصبح يقول دائمًا ""أنا أسعد"". "," كان في رجال دايماً متضايق. مرة قرر يغير من تفكيرو ويدور على الفرح. صار يساعد الناس واكتشف إن هاد الشي بيخليه مبسوط. بالآخر، تغيرت حياتو وصار دايماً يقول ""أنا أسعد"". ",Syrian
 لقد ذهبت إلى نيويورك. وأثناء تجولي في شوارع المدينة، شعرت بالإثارة لرؤية ناطحات السحاب. التقيت بأشخاص من مختلف الثقافات، وتناولت أشهى الأطعمة. في نهاية الرحلة، وجدت نفسي مغرمًا بعبق التاريخ وحداثة المدينة. , رحت ع نيويورك. ووقت ما كنت عم بمشي بشوارع المدينة، حسيت بإثارة كبيرة لما شفت الأبراج العالية. تعرفت ع ناس من ثقافات متنوعة، وتذوقت أطيب الأكلات. بآخر الرحلة، حسيت حالي عم بنجذب لتاريخ المدينة ومودرنيتها. ,Syrian
 قررت ليلى تغيير حجزها للرحلة الجوية رقم 205 لتفاجأ بأن التذاكر قد نفدت. بحثت بكل جهد عن رحلة بديلة ووجدت واحدة تغادر في اليوم التالي. اتصلت بالشركة فوراً وتمكنت من حجز مقعد في اللحظة الأخيرة. شعرت بالامتنان لأنها ستستطيع اللحاق بموعد مهم في الثاني من أكتوبر. , قررت ليلى تغير حجزها للطيارة رقم 205 وتفاجأت لما لقت كل التذاكر انباعت. دورت بكل جهدها على رحلة تانية ولقت وحدة عم تطلع بكرا. اتصلت بالشركة على طول وقدرت تحجز مقعد بآخر لحظة. حست بالامتنان كتير لأنها رح تلحق موعد مهم بالثاني من أكتوبر. ,Syrian
" في أحد أيام الصيف الحارة، توجه محمد إلى المطار حاملاً حقائبه متجهًا نحو مكتب الاستعلامات وسأل الموظف: ""ما هو رقم الرحلة الجوية؟"". ابتسم الموظف وأخبره بأن رحلته ستقلع بعد ساعتين. شعر محمد بالارتياح وقرر قضاء بعض الوقت في متجر الكتب بالمطار. عندما حان وقت الصعود إلى الطائرة، كان محمد متحمسًا لبدء مغامرته الجديدة. "," بواحد من أيام الصيف الحارة، محمد توجه عالمطار شايل شناتو وراح عالاستعلامات وسأل الشب: ""شو رقم الرحلة الجوية؟"". الشب ابتسم وقلو إنو رحلتو رح تطلع بعد ساعتين. محمد حس بالراحة وقرر يقعد شوي بمحل الكتب بالمطار. لما أجا وقت الطلوع عالطيارة، محمد كان متحمس ليبلش مغامرتو الجديدة. ",Syrian
" وجد أحمد نفسه في مطار مزدحم يبحث عن طاولة التسجيل الخاصة بشركة دلتا. بعد جولة من التخبط, استطاع أخيرا أن يجدها في زاوية بعيدة. سجل حقيبته بسرعة وتنفس الصعداء. انطلق بعدها صوب بوابة الصعود للطائرة، متحمسًا لرحلته القادمة. ", أحمد لقى حالو بمطار مليان ناس، عم يدور ع تسجيل دلتا. بعد شوي من الحوتة، لقاها بزاوية بعيدة. سجل شناتو بسرعة وارتاح. راح على بوابة الطيارة، متشوق لسفرتو الجاية. ,Syrian
" كان يعقوب يتبع حمية غذائية خاصة بسبب مشاكل في ضغط الدم. فسأل الطباخ في المطعم: ""هل هذه وجبة منخفضة الصوديوم؟"" اطمأن عندما أكد له الطباخ ذلك. ومنذ ذلك اليوم، أصبح يعقوب يزور هذا المطعم بانتظام. "," يعقوب كان عم يتبع حمية غذائية معينة لأنو عندو مشاكل بالضغط. سأل الطباخ: ""هي الوجبة قليلة الصوديوم؟"" لما الطباخ طمّنو، صار يعقوب يروح على هالمطعم دايماً. ",Syrian
 هذا البند غير مسموح به في السوق، فقد حظرته الحكومة بسبب مخاطره. كان علي الحاج أن يبحث عن بديل يمكنه تداوله. بعد جهد وتفكير، وجد سلعة أخرى مربحة وقانونية. أصبح بعد ذلك من أشهر التجار في البلدة. , هالشي مو مسموح فيه بالسوق، الحكومة منعتو لأنو خطر. لازم علي الحاج يلاقي شي تاني يشتغل فيه. بعد تفكير وتعب، لقى سلعة تانية منيحة وما فيها مشكلة قانونية. صار بعدين من أنجح التجار بالحارة. ,Syrian
 أعتقد أننا نستطيع. ها هي ورقتك. في تلك اللحظة، شعر أحمد بأن كل جهوده قد تكللت بالنجاح. أخذ الورقة بيد مرتعشة، وعيناه تلمعان بالدموع. قرأ النتيجة بصوت عالٍ أمام أصدقائه المتجمعين، والجميع يهتفون فرحين بنجاحه. وفي الخارج، كانت أمه تنتظر بفارغ الصبر لتحتفل مع ابنها النابغة. , بفكر إنا قادرين. هي ورقتك. بهديك اللحظة، حس أحمد إنو كل تعبو ما ضاعش. أخد الورقة وإيدو كانت عم تترجف، وعيونو كانت عم تلمع بالدموع. قرأ النتيجة بصوت عالي قدام رفقاتو اللي كانوا مجتمعين، والكل عم يصفقوا ويهتفوا مبسوطين بنجاحو. وبرا، أمو كانت عم تستنى بكل شوق لتحتفل مع ابنها الموهوب. ,Syrian
 في ليلة باردة، خلع يوسف قميصه الثقيل قبل أن يذهب للنوم. وضعه بعناية فوق الكرسي الخشبي المتهالك. تسلل البرد إلى جسده، لكنه شعر براحة بالغة تحت الأغطية الدافئة. أغمض عينيه واستسلم للنوم العميق بعد يوم طويل وشاق. , بليلة باردة، يوسف طلع قميصو الثقيل قبل ما يروح ينام. حطو على الكرسي الخشبي القديم. البرد دخل عليه، بس تحت البطانيات الدافية حس براحة كتير. عم يغمض عيونو ونام نوم عميق بعد يوم طويل وتعبان. ,Syrian
" وصل عمر إلى الفندق متأخرًا وكان متعبًا، فطلب من الاستقبال إيقاظه مبكرًا. قال للموظف: ""لا، سوف أخذها خلال فترة إقامتي""، مشيرًا إلى الصحيفة المجانية. استيقظ عمر باكرًا وتناول القهوة بينما يقرأ الأخبار. عند تسجيل الخروج، شكر الموظفين ووعدهم بالعودة في المرة القادمة. "," عمر وصل عالفندق متأخر وكان تعبان، وطلب من الاستقبال يصحوه بكير. قللن: ""لا، رح خدا هي خلال الوقت يلي عم قضيه هون""، يعني الجريدة المجانية يلي بيوزعوها. عمر صحي بكير وشرب قهوتو وهو عم يقرا الأخبار. لما جا يطلع من الفندق، شكر الموظفين ووعدهن يرجع عندهن المرة الجاية. ",Syrian
" كانت قطعة القماش تتغير ألوانها حسب الضوء، فأحياناً تبدو زرقاء وأحياناً خضراء. لاحظ الخياط هذه الظاهرة فسأل نفسه ""هل هو ثابت اللون؟"" قرر أن يختبر القماش تحت أنواع مختلفة من الإضاءة. وجد أن القماش يحتفظ بخاصية التغير مهما تعددت مصادر الضوء. "," القماشة كانت عم تغير لونا مع الضو، مرة تكون زرقا ومرة خضرا. الخياط لاحظ هالشي وسأل حالو ""هل هو ثابت اللون؟"" قرر يجرب القماشة تحت أنواع مختلفة من الضو. لقى إنو القماشة عم تحافظ على صفة تغيير اللون مهما كانت مصادر الضو. ",Syrian
 في أحد أحياء المدينة العتيقة، كانت توجد بوابة زمنية تنقل من يعبرها إلى الماضي. السكان المحليون اعتبروها خاصية خاصة بهذا الحي. يوماً ما، قرر شاب مغامر العبور من خلالها، فاكتشف عوالم لم يكن يعلم بوجودها. عاد محملاً بالحكايات والأسرار التي جعلت الحي مشهوراً ومحط أنظار العالم. , بواحد من أحياء المدينة القديمة، كان في بوابة زمنية بتنقل اللي بيعبرها للماضي. السكان المحليين كانو يعتبروها شي خاص بهالحي. في يوم، شاب مغامر قرر يعبر منها، فاكتشف عوالم ما كان بيعرف بوجودن. رجع معو حكايات وأسرار خلّت الحي معروف ومحط أنظار العالم. ,Syrian
 كان هناك طفل يدعى عمر يحب البسكويت كثيرًا. في كل مرة يزور فيها جدته، كانت تعد له أطيب أنواع البسكويت. ذات يوم، قرر عمر أن يتعلم كيفية صنع البسكويت بنفسه. بعد عدة محاولات، أصبح عمر يصنع البسكويت بمهارة وأصبحت وصفاته مشهورة بين أصدقائه. , كان في شب اسمو عمر بحب البسكويت كتير. كل مرة بيزور تيتا، كانت تعمللو أطيب بسكويت. بيوم من الأيام، قرر عمر يتعلم يعمل البسكويت لحالو. بعد عدة محاولات، صار عمر يعمل البسكويت بمهارة وصارت وصفاتو مشهورة بين رفقاتو. ,Syrian
" في يوم مشمس، قرر أحمد أن يسافر إلى نيويورك ليحقق حلمه بزيارة تمثال الحرية. بعد التخطيط لأسابيع، وجد نفسه واقفًا أمام مكتب حجز التذاكر يقول ""واحد لنيويورك، من فضلك"". خلال الرحلة، التقى بمسافرين من مختلف الثقافات وتبادل معهم القصص والخبرات. وعند وصوله، شعر أحمد بالإثارة والنشوة وهو ينظر إلى المدينة التي لطالما حلم بزيارتها. "," بيوم مشمس، أحمد قرر يسافر على نيويورك ليشوف تمثال الحرية يلي دايمًا كان عم يحلم فيه. بعد ما خطط لأسابيع، وقف قدام مكتب التذاكر وقال ""واحد لنيويورك، من فضلك"". بالطيارة، تعرف على ناس من ثقافات مختلفة وتبادل معهن القصص والتجارب. ولما وصل، حس بالفرح والحماسة وهوي بيتطلع على المدينة يلي دائمًا بيحلم يزورها. ",Syrian
 لعدة أيام قليلة، بقي الطائر صغيراً في عشه ينتظر عودة أمه. في اليوم الخامس، لاحظ أن الغابة أصبحت هادئة بشكل غريب. شعر بالجوع الشديد، فقرر أن يخرج بحثاً عن الطعام. وخلال رحلته، وجد صديقاً جديداً يعلمه كيف يطير. , لأيام قليلة، العصفور الصغير ضل بعشو بيستنى رجعة إمو. باليوم الخامس، انتبه إنو الغابة صارت هادية بطريقة غريبة. حس بجوع كتير، قرر يطلع يدوّر على أكل. وبسفرتو، لاقى صديق جديد علّمو يطير. ,Syrian
 في يوم حافل بالأحداث، وجد خالد نفسه في طابور طويل أمام مكتب البريد. وبعد انتظار طويل، حان دوره ليقترب من الشباك. ذكره الموظف بأن يتبع التعليمات المعلقة على الجدار. فنظر خالد إلى الإرشادات وتقدم الثاني من على اليسار. , بيوم كتير مليان أحداث، خالد لاقى حالو واقف بطابور طويل قدام مكتب البريد. وبعد ما انطر كتير، أجا دورو ليقرب عالشباك. الموظف قللو يتبع الإرشادات يلي معلقة عالحيط. خالد التفت على الإرشادات وتقدم التاني من على الشمال. ,Syrian
 في يوم من الأيام، وجدت قطة صغيرة تائهة في الشارع، يبدون في حجم صغير جداً. اقترب منها صبي صغير وقرر أن يأخذها إلى بيته. عندما وصلوا، أطعمها واعتنى بها. ومع مرور الوقت، أصبحت القطة الصغيرة جزءًا لا يتجزأ من عائلته. , في يوم من الأيام، لاقى قطة صغيرة ضايعة بالشارع، شكلها صغير كتير. ولد صغير اقترب منها وقرر ياخدها على بيتهم. لما وصلو، أطعمها واعتنى فيها. ومع مرور الوقت، القطة الصغيرة صارت جزء مهم من عيلته. ,Syrian
 في إحدى البطولات القوية، وجد اللاعب نفسه أمام تحديات كبيرة. كانت الجولات معقدة وكل خصم أقوى من الآخر. تمكن بعزيمة وتصميم من تخطي الصعوبات. وفي النهاية، ارتفعت يداه معلنًا فوزه المستحق. , بواحدة من البطولات القوية، لاقى اللاعب حالو قدام تحديات كتير كبيرة. الجولات كانت معقدة وكل خصم أقوى من اللي قبلو. بعزيمة وإصرار تمكن يتخطى كل الصعوبات. وبالنهاية، ارتفعت إيديه فوق معلن فوزه يلي يستحقه. ,Syrian
" في يوم مشمس، قرر أحمد السفر إلى المدينة المجاورة. عندما وصل إلى المحطة، طلب من الموظف: ""أريد مقعدًا بالقرب من النافذة، من فضلك"". جلس أحمد بجوار النافذة، يتأمل الطبيعة الخلابة خلال رحلته. وصل إلى وجهته مستمتعًا بجمال الريف الذي لاحظه خلال الطريق. "," بيوم مشرق، قرر أحمد يروح عالمدينة يلي جنبنا. لما وصل عالمحطة، طلب من الموظف: ""بدي مقعد جنب الشباك، لو سمحت"". قعد أحمد على المقعد جنب الشباك، وصار يتمتع بالمناظر الحلوة طول السفرة. وصل لمحطتو مبسوط بالزرع والقرى يلي شافهن عالطريق. ",Syrian
 كان أحمد يتساءل إن كان بإمكانه استخدام تذكرة اشتراك القطار الأوروبي في رحلته. فذهب إلى المحطة وسأل الموظف، فأكد له أن التذكرة صالحة. شعر أحمد بالسعادة لأنه سيوفر الكثير من المال. ومنذ ذلك الحين، أصبح يستخدم القطار دائمًا في تنقلاته الأوروبية. , كان أحمد عم يفكر إذا بيقدر يستخدم البطاقة الشهرية الأوروبية للقطار بسفرتو. راح عالمحطة وسأل الموظف، اللي قللو إنو التذكرة منيحة. فرح كتير لأنو رح يوفر مصاري حلوة. ومن بعدا، صار كل مرة يستخدم القطار بسفراتو بأوروبا. ,Syrian
 سأل أحمد صديقه عن الوقت اللازم للسفر إلى اليابان. فأجابه صديقه أن الرحلة تستغرق حوالي عشر ساعات طيران. شعر أحمد بالحماسة لزيارة طوكيو والتعرف على ثقافتها. بدأ في التخطيط لرحلته وجمع المعلومات اللازمة لهذه المغامرة. , أحمد سأل رفيقو قديش بدو وقت ليوصل ع اليابان. رفيقو أجابو إنو الرحلة بتاخد تقريباً عشر ساعات طيران. أحمد حس بالحماسة ليزور طوكيو ويتعرف على ثقافتهم. بلش يخطط لسفرتو ويجمع المعلومات يلي بدو ياها لهالمغامرة. ,Syrian
" كان الرجل يخطط لرحلة في الصحراء وسأل العابر، ""هل لديك خرائط للطرق؟"" فأجاب العابر ""نعم، ويمكنني مساعدتك في التخطيط لمسارك."" شكره الرجل وبدأ يدرس الخرائط بعناية. وبفضل المساعدة التي حصل عليها، تمكن من إكمال رحلته بنجاح. "," كان في رجال عم بيخطط لرحلة بالصحرا وسأل حدا، ""عندك خرائط للطرق؟"" قلو الشخص ""إي، وفيني ساعدك تخطط لمسارك."" شكر الرجال وصار يدرس الخرائط منيح. ومن العون يلي استلمه، قدر ينهي رحلته بنجاح. ",Syrian
 أوه، نعم. لقد قرأت عنه في الدليل. فقررت أن أزور ذلك المكان العجيب. وعندما وصلت، وجدت تحفًا فنية قديمة أذهلتني. بقيت هناك لساعات أتأمل الجمال والإبداع الإنساني. , أي، إيه. قريت عنه بالدليل. قررت إني روح شوف هالمكان العجيب. لما وصلت، شفت تحف فنية قديمة مو طبيعية. قعدت ساعات طويلة أتأمل بالجمال والإبداع البشري. ,Syrian
 لقد طلبت ثلاثة أكواب من الشاي، لكن لم يأتِ إلا اثنين فقط. فغضبتُ من النادل واشتكيتُ للمدير. فاعتذر النادل بأدب وشرح أن هناك خطأ في المطبخ. وفي النهاية، أحضر لي كوب الشاي الثالث مع حلوى مجانية تعويضًا. , طلبت تلاتة أكواب شاي، بس يا دوب وصلوني اتنين. زعلت ع الجرسون وشتكيت للمدير. الجرسون اعتذر بأخلاق وفهمني إنو في غلط بالمطبخ. وبالآخر، جابلي الكوب التالت مع حلا مجاني كتعويض. ,Syrian
 في مدينة صغيرة، وجدت مريم الأجهزة الكهربائية رخيصة جداً، فاشترت كل ما تحتاجه لمنزلها الجديد. لكنها اكتشفت أن مصاريف الأكل والسكن مرتفعة جداً، مما جعل ميزانيتها محدودة. بدأت مريم بالبحث عن عروض خاصة للطعام والسكن. واستطاعت أخيراً أن تجد توازناً مالياً يسمح لها بالعيش براحة. , بمدينة صغيرة، مريم لاقت الأجهزة الكهربائية بأسعار رخيصة كتير، فاشترت كل شي لبيتها الجديد. بس لقت أنو نفقات الأكل والسكن عالية كتير، وهالشي خلى ميزانيتها محدودة. صارت مريم تدور على عروض للأكل والسكن. وأخيراً، قدرت تلاقي توازن بالمصاريف يخليها تعيش براحة. ,Syrian
" في يوم مشمس جميل، قرر أحمد أن يأخذ طعامه ويتناوله في الحديقة. وجد مكانًا هادئًا تحت شجرة كبيرة وانتشرت رائحة الزهور في الهواء. بينما هو يأكل، التقى بعصفور صغير جاء يشاركه الفتات. ضحك أحمد وقال: ""سأتناولها بالخارج أكثر في المرات القادمة"". "," بنهار مشمس حلو، أحمد قرر ياخد أكلتو ويتغدى برا بالحديقة. لقى محل هادي تحت شجرة كبيرة وريحة الورود عم تفوح. وهو عم ياكل، صار يشاركو عصفور صغير بالفتات. أحمد ضحك وقال: ""سأتناولها بالخارج أكتر بالمرات الجايي"". ",Syrian
 كان علي يسافر كثيرًا بسبب عمله، وفي كل مرة يذهب إلى اليابان يتأكد من شراء بعض الملابس التقليدية. غالبًا ما أخذ مقاس اثنتي وعشرين في اليابان. وجد صعوبة في العثور على هذا المقاس في بلدان أخرى، لكن في اليابان كان الأمر أسهل. كان يعتز بتلك الملابس ويعتبرها تذكارات ثمينة من رحلاته. , علي دايماً كان يسافر كتير بسبب شغلو، وبكل مرة يروح ع اليابان بيتأكد يشتري شوية ملابس تقليدية. دايماً كان ياخد مقاس اتنين وعشرين باليابان. كان يلاقي صعوبة يلاقي هالمقاس ببلاد تانية، بس باليابان كان الأمر أسهل. كان بيحتفظ بهالملابس كتذكارات ثمينة من سفراتو. ,Syrian
 في يوم مشمس، سأل خالد عن ساعات عمل متحف الفن فأجابه الحارس بأن المتحف يفتح أبوابه من الثامنة صباحًا حتى السادسة مساءً. ملئ خالد بالحماس لزيارة المتحف، فقد كان يعشق الفنون بشتى أنواعها. عند وصوله، غمرته الدهشة من الأعمال الفنية العظيمة التي شاهدها، وقضى اليوم كله يتجول بين اللوحات والتماثيل. عند الخروج، شكر خالد الحارس على معلوماته وعزم على العودة مرة أخرى. , بيوم مشرق، خالد سأل عن ساعات عمل متحف الفن، الحارس أجابو إنو المتحف بيفتح من الثمانية الصبح للستة المسا. خالد انحمس كتير لزيارة المتحف لأنو بيحب الفنون بكل أنواعها. لما وصل عالمتحف، اندهش من الأعمال الفنية العظيمة يلي شافها، وقضى اليوم كلو عم يتجول بين اللوحات والتماثيل. لما طالع، شكر خالد الحارس عالمعلومات وحازم يرجع مرة تانية. ,Syrian
" كان هناك رجل يريد شراء سلعة من السوق. عندما اختار ما يحتاجه، سأل البائع ""أين يجب أن أدفع؟"". أشار البائع إلى زاوية السوق حيث كانت الصندوق. ذهب الرجل وأدى الثمن ثم غادر مسروراً بما اشترى. "," كان في رجل بدو يشتري شغلات من السوق. لما انتقى يلي بدو ياه، سأل البياع ""وين لازم أدفع؟"". البياع أشرلو على زاوية السوق وين الكاشير. راح الرجل دفع المصاري وترك المكان مبسوط بشرايتو. ",Syrian
 وجد أحمد كارتاً على الأرض فنظر إليه ملياً وتساءل عن صاحبه. قرر أن يبحث عن صاحب الكارت ليعيده إليه. بعد البحث والسؤال في الحي، تمكن أحمد من العثور على صاحب الكارت. سلم الكارت إلى صاحبه وشعر بالسعادة لأنه قام بعمل طيب. , لقى أحمد كرت عالأرض فراح شاف فيه منيح وصار يفكر مين ممكن يكون صاحبه. قرر يدور عاللي فقد الكرت ليرجعلو ياه. بعد ما سأل الناس بالحارة، عرف أحمد مين هو صاحب الكرت. أعطاه إياه وحس بفرح كتير لأنه عمل شي حلو. ,Syrian
 كانت هذه أول رحلة خارجية لأحمد. شعر بالحماس لاستكشاف ثقافات جديدة. عقد العزم على تعلم بعض كلمات اللغة الجديدة. ووجد في نهاية الرحلة أنه قد أصبح أكثر انفتاحًا وتقبلاً للآخر. , هادي كانت أول سفرة برا البلد لأحمد. حس بحماس كتير ليستكشف ثقافات جديدة. عزم إنو يتعلم شوية كلمات من اللغة الجديدة. وبالآخر، لاقى حالو صار أكثر انفتاح وقبول للآخرين. ,Syrian
" كان هناك كتابان على الطاولة، أحدهما للمبتدئين والآخر للمتقدمين. سأل الطالب الجديد المعلم أيهما الخاص بمنهج المبتدئين. ابتسم المعلم وأشار إلى الكتاب ذو الغلاف الملون قائلاً: ""هذا هو لك"". شعر الطالب بسعادة وبدأ في تصفح الكتاب استعدادًا لرحلته التعليمية. "," كان في كتابين على الطاولة، واحد للمبتدئين والتاني للمتقدمين. الطالب الجديد سأل الأستاذ أي واحد الهم خاص بمنهج المبتدئين. الأستاذ ابتسم وأشار على الكتاب يلي عليه ألوان وقال: ""هاد هو الك لإلك"". الطالب صار مبسوط وبلش يتصفح الكتاب متحضر لمشواره التعليمي. ",Syrian
 بالتأكيد هذا البلد به أكثر من نوع من الفاكهة. في يوم من الأيام، قرر أحمد أن يزور السوق ليشتري بعض الفواكه المتنوعة. وجد تشكيلة واسعة من الفاكهة المحلية والاستوائية، فأحب أن يجرب الأنواع التي لم يسبق له تذوقها. انتهى به الأمر وهو يحمل أكياسًا مليئة بالفواكه الشهية التي تعكس تنوع الثقافات في بلده. , أكيد هالبلد فيو أنواع كتيرة من الفواكه. بيوم من الأيام، قرر أحمد يروح على السوق ليشتري شوية فواكه متنوعة. لقى تشكيلة واسعة من الفواكه المحلية والاستوائية، فحب يجرب أصناف ما كان جربها من قبل. وبالآخر، رجع على البيت معبّي أيديه بأكياس الفواكه الطيبة يلي بتعكس تنوع الثقافات ببلدو. ,Syrian
 وجد محمد حقيبة في الحديقة وشعر بالفضول ليعرف محتوياتها. قرر أن يأخذها إلى البيت ليتثبت منها بأمان. عند فتحها، اكتشف أنها مليئة بالكتب النادرة. شعر بالمسؤولية للبحث عن صاحب الحقيبة وإعادتها. , لقي محمد شنتة بالحديقة وصار فضولان يعرف شو جواتها. قرر ياخدها على البيت ليتأكد منها. يوم فتحها، اكتشف إنها كانت مليانة كتب نادرة. حس بالمسؤولية يدور ع صاحب الشنتة ويرجعها إلو. ,Syrian
 كان يحيى يتزلج على المنحدر عندما شعر بالجوع، فسأل أحد المارة عن وجود مطاعم قريبة. أخبره الرجل أن هناك مقهى صغير على قمة التل. توجه يحيى نحو المقهى واستمتع بوجبة دافئة مع إطلالة رائعة. شعر بالسعادة والامتنان لذلك اليوم المثالي. , كان يحيى عم يتزلج على المنحدر وحس بالجوع، فسأل واحد من العالم يلي ماشين هنيك إذا في مطاعم قريبة. الزلمة قللو في كافتيريا صغيرة على راس الجبل. راح يحيى عالكافتيريا وتمتع بأكلة سخنة ومنظر حلو. حس بسعادة وامتنان لهاليوم الحلو. ,Syrian
 لقد نسيت خالد مفتاحه داخل البيت وأغلق الباب خلفه. طرق الأبواب المجاورة بحثاً عن مساعدة. استجاب له جاره العجوز وأعطاه مفتاحاً احتياطياً. شعر خالد بالامتنان لوجود جيران مثل هذا الرجل الطيب. , خالد نسي مفتاحو جوا البيت وسكر الباب وراه. خبط ع البيوت يلي جنبو ليلاقي مساعدة. الجار العمو الكبير رد عليه وعطاه مفتاح زيادة. خالد حس بامتنان كبير لأنو عندو جيران متل هالعمو الطيوب. ,Syrian
" في أحد الأيام، ذهب خالد إلى محل صرافة ليحول بعض الدولارات الأمريكية إلى الين الياباني. وقف في الطابور ينتظر دوره، متأملاً في كيف ستساعده هذه العملة في رحلته القادمة إلى طوكيو. عندما وصل دوره، قال للصراف: ""حول هذه الدولارات الأمريكية إلى الين الياباني، من فضلك"". ابتسم الصراف وأنجز المعاملة بسرعة، وهكذا بدأت مغامرة خالد في اليابان بخطوة أولى ناجحة. "," بيوم من الأيام، خالد توجه لمكتب الصرافة ليبدل شوية دولارات أميركية للين ياباني. وقف طابور منتظر دورو، عم يفكر كيف رح تساعدو هالعملة برحلتو الجاي على طوكيو. لما إجا دورو، قال للصراف: ""بدللي هالدولارات الأميركية للين ياباني، لو سمحت"". الصراف ابتسم وخلص المعاملة بسرعة، وهيك خالد بدا مغامرتو باليابان بأول خطوة موفقة. ",Syrian
" وجد أحمد نفسه في المطار، يحتضن صديقه الذي سيسافر إلى بلد بعيد. شعر بثقل في قلبه والدموع تتجمع في عينيه. حاول أن يبتسم لكن عيناه خانتاه. وفي النهاية، لم يستطع سوى همس ""من الصعب قول كلمة وداعاً"". "," لقي أحمد حالو بالمطار، عم يحضن صاحبو يلي عم يسافر على بلد بعيدة. حس بتقيل بقلبو والدموع عم تتجمع بعيونو. حاول يضحك بس عيونو خانوه. وبالآخر، ما قدر يقول غير ""صعبة كتير كلمة الوداع"". ",Syrian
" في إحدى المدن الصغيرة، سأل رجل مارًّا: ""هل هذا مكتب الاستقبال؟ هل يوجد عيادة قريبة؟"" فأجابه المارّ بأدب: ""نعم، توجد عيادة خلف هذا البناء مباشرةً."" شكره الرجل وتوجه إلى العيادة، وهناك تلقى الرعاية الطبية التي كان يحتاجها. "," بواحد من الأحياء الصغيرة، سأل رجال واحد عم يمرق: ""هاد مكتب الاستقبال؟ في عيادة قريبة من هون؟"" الزلمة رد عليه بأدب: ""إي، في عيادة ورا هالبناية طول."" الرجال شكره وتوجه لعند العيادة، وهنيك استلم العناية الصحية يلي كان ناطرها. ",Syrian
" في أحد المطاعم الشهيرة، جلس أحمد بجانب شخص غريب ولاحظ طبقاً شهياً أمامه. لم يتمالك أحمد نفسه فسأل بفضول: ""معذرة، هل لي أن أستفسر منك عن اسم طبقك؟ إنه يبدو لذيذاً."" ابتسم الغريب وأجاب: ""إنها وصفة عائلية خاصة، تُسمى الكبسة العربية."" شعر أحمد بالإعجاب وطلب الوصفة ليجربها في المنزل. "," بواحد من المطاعم المعروفة، كان أحمد قاعد جنب واحد غريب وشاف قدامو صحن شهي. ما قدر يستنى وسألو بحماس: ""عفواً، فيني سألك شو اسم هالطبق؟ شايفو زاكي."" الغريب ضحك وقال لأحمد: ""هاد وصفة من عيلتنا، اسمها الكبسة العربية."" أحمد انبسط وطلب الوصفة ليجربها بالبيت. ",Syrian
 ذهب محمد إلى الطبيب شاكيًا من ألم شديد في ظهره. قال الطبيب إن سبب الألم هو الجلوس الطويل أمام الكمبيوتر. نصحه الطبيب بأخذ استراحات منتظمة وممارسة الرياضة. بدأ محمد بتنفيذ النصائح وشعر بتحسن كبير. , محمد راح عالدكتور يشتكي من وجع كتير بظهرو. الدكتور قلو إنو الوجع من القعدة الطويلة قدام الكمبيوتر. نصحو الدكتور ياخد فترات راحة منتظمة ويمارس رياضة. محمد بلش يعمل بالنصايح وحس بتحسن كتير. ,Syrian
" في تلك الليلة المظلمة، وجد خالد نفسه يائسًا في مطار مجهول. تاه بين البوابات، وأخيرًا توقف أمام بوابة رقم 7 وهمس ""أية بوابة أتوجه إليها بعد ذلك؟"". وبينما هو غارق في حيرته، ظهرت له سيدة مسنة تبتسم، وأرشدته إلى الطريق الصحيح. بفضلها، استطاع الوصول إلى وجهته، مدركًا أن الأمل يمكن أن يأتي من حيث لا يحتسب. "," بليلة ظلمة، خالد لقى حالو تايه بمطار ما بيعرفو. ضاع بين البوابات، ليوقف عند بوابة رقم سبعة ويهمس ""أية بوابة أروحلها هلأ؟"". وهو محتار، طلتلو ست كبيرة بالعمر عم تبتسم، ودلتو على الطريق الصحيح. بمساعدتا، قدر يوصل لمطرح ما كان رايح، وعرف إنه الأمل بيجي من وين ما بتتوقع. ",Syrian
 وجد محمد في جيبه عشرة دولارات فقط، وتساءل إن كانت كافية لركوب التاكسي. استوقف تاكسي وسأل السائق عن الأجرة. أجابه السائق بأن الرحلة ستكلف خمسة عشر دولارًا. شعر محمد بالاحباط لعدم مقدرته على الذهاب إلى العمل بالتاكسي بسبب نقص المال. , محمد لقى بجيبتو عشر دولارات بس، واستغرب إذا بتكفي للروحة على التاكسي. وقف تاكسي وسأل السواق شو بيكلف المشوار. السواق قلّو إنو بدو خمسطعشر دولار. محمد حس حالو مأزوم لأنو ما عندو مصاري كافية ليروح عالشغل على التاكسي. ,Syrian
 أعتقد أنها كانت ممتازة. تمثيل جيد وحبكة جيدة. لذا قررت مشاركة الفيلم مع أصدقائي. جلسنا معًا وبدأنا بمشاهدة العرض. كل منهم أثنى على اختياري للفيلم. أصبحت ليلتنا مليئة بالضحك والتعليقات الممتعة. , بفكر إنها كانت كتير منيحة. التمثيل كان حلو والقصة كانت منيحة. فقررت شارك الفيلم مع رفقاتي. قعدنا سوا وبلشنا نحضر العرض. كل واحد فيهن عم يمدح بالفيلم يلي اخترتو. ليلتنا صارت مليانة ضحك وتعليقات مسلية. ,Syrian
" في يومٍ مشمسٍ، خرج يوسف ليشتري هدية لأمه تقديرًا لجهودها. وجد سوقًا قريبًا يبيع الهدايا الجميلة والزهور الفواحة. اختار باقة وردٍ جميلة وعلبة شوكولاتة فاخرة. عندما عاد إلى المنزل وأعطى أمه الهدية، قالت: ""يا، شكراً جزيلاً."" "," بيوم مشمس، يوسف طلع يشتري هدية لأمو ليشكرها على تعبها. لقي سوق قريب بيبيع هدايا حلوة وورود عطرة. اختار باقة ورد حلوة وعلبة شوكولا فاخرة. لما رجع عالبيت وعطا أمو الهدية، قالتلو: ""يا، شكراً كتير."" ",Syrian
" كان الفندق مزدحمًا عندما وصلت، ولم تعجبني الحجرة التي خُصصت لي. سألت موظف الاستقبال بأدب: ""هل من الممكن أن أرى حجرة أخرى؟"" استجاب العامل بلطف وأراني حجرة مطلة على البحر. شعرت بالرضا وشكرته على حسن تعاونه. "," الفندق كان مليان لما وصلت، وما عجبتني الغرفة يلي عطوني ياها. سألت الموظف على الاستقبال بأدب: ""ممكن شوف غرفة تانية؟"" الموظف كان لطيف وورجاني غرفة بتطل على البحر. حسيت بالراحة وشكرتو على تعاونو الطيب. ",Syrian
 كانت ليلى من أول من ارتدى الفستان الجديد، أنها أحدث موضة هذا الصيف. وسرعان ما لاحظ الجميع أناقتها الفائقة وجمال الفستان. كانت تتمايل بكل ثقة بين الحضور، وعدسات المصورين لا تفارقها. وفي نهاية اليوم، تلقت ليلى عروضاً للتمثيل في إعلانات لأشهر الماركات. , ليلى كانت من أول الناس يلي لبسوا الفستان الجديد، هي أحدث موضة الصيف. كل الناس لاحظو أناقتها وحلاوة الفستان. كانت تمشي بثقة بين الحضور، وعدسات المصورين ما تركتها. وبنهاية اليوم، استلمت ليلى عروض لتمثل بإعلانات لأكبر الماركات. ,Syrian
 أخذني أحمد بسيارته إلى وسط المدينة. وصلنا هناك والشوارع مزدحمة بالناس. تمكنا من العثور على مكان للركن بعد بحث طويل. تجولنا في الأسواق واشترينا الهدايا لعائلتنا. , أحمد أخدني بسيارتو لنص المدينة. وصلنا وكانت الشوارع عم تغص بالناس. تعبنا لما لقينا محل نركن فيه السيارة. تسوقنا بالأسواق واشترينا هدايا لأهلنا. ,Syrian
" في يوم مشمس، سأل علي الموظف في مكتب الإيجار ""هل لي أن أؤجر سيارة؟"" فأجابه الموظف بابتسامة وأشار إلى مجموعة متنوعة من السيارات. اختار علي سيارة رياضية حمراء وتجول بها في المدينة. وفي نهاية اليوم، عاد إلى المكتب معبرًا عن سعادته بتجربة القيادة الممتعة. "," بيوم مشمس، علي سأل الموظف بمكتب التأجير ""ممكن أستأجر سيارة؟"" الموظف ابتسم وورجاه مجموعة من السيارات. علي اختار سيارة رياضية حمرا وتمشى فيها حول المدينة. وبآخر النهار، رجع للمكتب مبسوط كتير بالنزهة يلي عملها. ",Syrian
 في يومٍ مشمسٍ، قرر سامر أن يجرب طبقاً جديداً في مطعمٍ محليّ. عند تذوقه، وجد أنه ذو مذاق غريب. فضوله دفعه لسؤال الطاهي عن المكونات. اكتشف أن الطبق يحتوي على مزيجٍ من التوابل النادرة. , بيوم مشمس، سامر قرر يجرب طبق جديد بمطعم الحارة. يوم ذاقه، لقى طعمته غريبة. فضولو خلاه يسأل الشيف عن المقادير. اكتشف إنو الطبق فيه مزيج من البهارات النادرة. ,Syrian
 قام أحمد بإصلاح السيارة بينما كان والده في الخارج. عندما عاد وجد كل شيء على ما يرام. شعر بالفخر لأن ابنه تحمل المسؤولية. ومن ذلك اليوم، ثقة الأب بأحمد زادت. , أحمد صلح السيارة وأبوه طالع برا. يوم رجع الأب شاف كلشي تمام. حس بالفخر لأن ابنه تحمل المسؤولية. ومن هديك النهار، الثقة بين الأب وأحمد صارت أكبر. ,Syrian
" في أحد الأيام، زار خالد متجراً صغيراً وسأل البائع ""هل لديكم وجبات خفيفة؟"" فأجابه البائع بابتسامة وأشار إلى رف مليء بأنواع مختلفة من الوجبات الخفيفة. خالد اختار بعض الشيبس والمكسرات، وشعر بسعادة عارمة وهو يتناولها في الحديقة. أصبح هذا المتجر وجهته المفضلة كلما شعر بالجوع. "," بيوم من الأيام، خالد راح على دكانة صغيرة وسأل البياع ""عندكن سناكات خفيفة؟"" البياع ابتسم وأشر لرف مليان بأنواع السناكات. خالد اختار شوية شيبس ومكسرات، وحس بفرح كبير وهو عم ياكلهن بالحديقة. صارت هالدكانة المحببة إلو كل ما كان جوعان. ",Syrian
 كان هناك رجل كبير في السن يطلب دائماً من الناس التحدث ببطء لأنه كان يعاني من ضعف السمع. في يوم من الأيام، التقى بطفل صغير حاول شرح قصة ممتعة له. الرجل العجوز طلب من الطفل أن يتكلم ببطء حتى يستطيع فهم القصة جيداً. وبفضل صبر الطفل وتكراره القصة ببطء، استطاع العجوز أن يسمع القصة ويستمتع بها. , كان في رجال كبير بالعمر دايمًا بيطلب من الناس يحكوا معو على مهل لأنو كان سمعو ضعيف. بيوم، لقي صبي صغير حاول يحكيلو قصة حلوة. العمو طلب من الصبي يحكي على مهل عشان يقدر يفهم القصة منيح. بفضل صبر الصبي وإنو عاد القصة على مهل، العمو قدر يسمع القصة ويستمتع فيها. ,Syrian
 سوف أحضر متأخرا ساعة. كان لدي موعد طبي لم أستطع تأجيله. عندما وصلتُ، كان الاجتماع قد بدأ بالفعل. استمعوا إليّ بانتباه وأنا أشرح سبب تأخري. بالنهاية، تفهم الجميع الظروف وتابعنا الاجتماع بسلاسة. , رح أتأخر ساعة لما أجي. عندي موعد طبيب ما قدرت أأجلو. لما وصلت، كان الاجتماع بلش. الكل سمعني منيح وأنا عم بشرح ليش تأخرت. بالآخر، الجميع فهموا الظروف وكملنا الاجتماع من دون مشاكل. ,Syrian
 كان هناك رجل يعيش وحيدًا في بيت صغير على طرف القرية. ذات يوم، وجد قطة جميلة عند عتبة بابه فقرر أن يعتني بها. أصبحت القطة صديقته المفضلة وأضافت البهجة إلى حياته. مرت الأيام وانتشرت قصة الرجل وقطته في القرية، وأصبح معروفًا بكرمه وطيبة قلبه. , كان في رجال عايش لحالو في بيت صغير بأطراف القرية. بيوم من الأيام، لقى قطة حلوة قاعدة عند باب بيتو فقرر يعتني فيها. القطة صارت رفيقتو المفضلة وزادت حياتو فرح. الأيام مرقت وقصة الرجال وقطتو انتشرت بالقرية، وصار معروف بكرمو وطيبة قلبو. ,Syrian
" نظر محمد إلى الساعة وتذكر أنه لم يأكل منذ الصباح. قال لصديقه: ""نعم. انتظر، سوف أحضر لك واحدة."" ذهب إلى البائع واشترى لهما سندويشين. عاد ومعه الطعام، فتناولاه بشهية. "," محمد طالع عالساعة وتذكر إنو ما أكل من الصبح. قللو لرفيقو: ""ايه. استنا، رح جيبلك وحدة."" راح عالبايع واشترالهن سندويشاتين. رجع ومعو الأكل، وأكلوها بنهم. ",Syrian
 في يومٍ مشمسٍ، ذهب أحمد إلى المقهى المفضل لديه. نادله المعتاد كان هناك يبتسم كالعادة. طلب أحمد فنجان قهوته الساخنة وجلس يستمتع بالأجواء. بينما هو يشرب، التقى بصديق قديم ودار بينهما حديث شيق. , بيوم مشمس، راح أحمد عالقهوة يللي بيحبا. النادل يللي دايماً بيخدمو كان موجود وعم يضحك كالعادة. طلب أحمد فنجان قهوتو الحارة وقعد يتمتع بالجو. وهوي عم يشرب، شاف صاحب قديم وصار بيناتن حديث حلو. ,Syrian
 كان الجو غائماً والسماء تكاد تبكي، فقد أخبرت الأرصاد الجوية بأن الأمطار ستتساقط طوال الأسبوع. استعد الناس بالمعاطف والأحذية المطاطية، وأصبحت المظلات صديقاً لا يفارقهم. الأطفال فرحوا بالبرك المائية التي شكلتها الأمطار، ولعبوا تحت قطرات الماء بمرح وسعادة. , الجو كان معتم والسما عم تهد بالمطر، والأرصاد الجوية حكت إنو المطر رح يستمر طول الأسبوع. الناس تجهزو بالمعاطف والأحذية المطاطية، وصارت المظلات رفيق ما بتفارقهم. الأولاد فرحانين بالبرك المي اللي عملتا المطرة، ولعبو تحت القطرات بفرح وسرور. ,Syrian
 وجد أحمد نصف زجاجة عطر متروكة على الرصيف، فقرر أن يأخذها معه. عندما وصل إلى المنزل، رش منها قليلاً وسأل أمه عن رائحتها. أخبرته أمه أن العطر يذكرها بوالده الذي كان يستخدم نفس النوع قبل أن يسافر. شعر أحمد بلحظة من الحنين وقرر الاحتفاظ بالزجاجة كذكرى عزيزة. , لقى أحمد نصف عبوة عطر متروكة على الرصيف، فقرر ياخدها معو. لما وصل عالبيت، رش منها شوي وسأل أمو عن ريحتها. أمو قلتلو إنو العطر بيذكرها بأبوه يلي كان عم يستعمل نفس النوع قبل ما يسافر. حس أحمد بنوبة من الشوق وقرر يخبي العبوة كذكرى غالية. ,Syrian
" في إحدى الأمسيات الموسيقية، سأل خالد صديقه: ""هل لديهم عروض حية؟"" فأجابه بحماس: ""نعم، واليوم ستكون هناك فرقة مشهورة."" فقررا الذهاب معاً واستمتعا بأجواء الحفل الرائعة. عادا إلى المنزل وقد امتلأت قلوبهما بالموسيقى والسعادة. "," بواحد من الأمسيات الموسيقية، خالد سأل رفيقو: ""في عندون عروض مباشرة؟"" صاحبو جاوبو متحمس: ""إي، واليوم رح يكون في فرقة معروفة كتير."" قررو يروحو سوا واستمتعو بأجواء الحفل الحلوة. رجعو للبيت وقلوبون مليانة موسيقى وفرح. ",Syrian
" ذهبت سارة إلى السوق لتشتري حقيبة جديدة. وعندما رأت واحدة أعجبتها، سألت البائع ""هل بإمكاني رؤية هذه الحقيبة؟"" أخرج البائع الحقيبة بابتسامة وأشاد بذوقها الرفيع. بعد أن فحصتها جيدًا، قررت سارة شراء الحقيبة. "," سارة راحت عالسوق تشتري شنتة جديدة. ولما شافت وحدة عجبتها، قالت للبياع ""فيني شوف هالشنتة؟"" البياع طلع الشنتة وابتسم ومدح بذوقها الحلو. بعد ما تفقدتها منيح، سارة قررت تشتري الشنتة. ",Syrian
" في أحد الأيام، سأل الزبون البائع، ""هل لديك شيء آخر؟"" فأجاب البائع بابتسامة وأحضر له قطعة نادرة. شعر الزبون بالسعادة لأنه وجد ما كان يبحث عنه. ومنذ ذلك اليوم، أصبح ذلك الزبون زبونًا دائمًا للمتجر. "," بيوم من الأيام، الزبون سأل البيّاع، ""عندك شي تاني؟"" البيّاع ضحك وجاب لإلو قطعة نادرة. الزبون فرح كتير لإنو لقى يلي كان عم يدور عليه. ومن يومها، صار هالزبون زبون دائم للمحل. ",Syrian
" في يوم من الأيام، كان هناك رجل يعمل بجد ولا يعرف متى يتوقف. ومع مرور الوقت، بدأ يشعر بالإرهاق الشديد. قالت له زوجته ذات مساء: ""أنت بحاجة للراحة."" استمع لنصيحتها وقرر أخذ إجازة ليستعيد نشاطه. "," في يوم من الأيام، كان في رجال كتير شغّال وما عم يعرف إمتى يوقف. مع الأيام، صار يحس حالو تعبان كتير. مرة بالليل، قلتلو مرتو: ""إنت محتاج لراحة."" سمع لنصيحتها وقرر يأخد إجازة ليسترجع طاقتو. ",Syrian
 من فضلك إملأ بطاقة الوصول التالية واستمارة الجمارك. وصل أحمد إلى المطار وفي يده حقيبته الثقيلة. بعد إنهاء الإجراءات، توجه إلى مكتب الاستقبال حيث قابل صديقه القديم. تبادلا الأحاديث والذكريات، ثم اتجها معاً إلى مدينتهما العزيزة. , من فضلك عبي هالبطاقة وكمان ورقة الجمارك. أحمد وصل عالمطار ومعو شنتتو التقيلة. خلص كل الإجراءات، وتوجه على مكتب الاستقبال لقى صاحبو القديم. حكو شوي ورجعو يتذكروا الماضي الحلو، ومن بعدها راحو لبلدهن الحبيبة سوا. ,Syrian
" وقف يحيى على جانب الطريق ينتظر السيارة المتجهة إلى سيتل. عندما مرت السيارة، أشار إليها يحيى متسائلاً ""هل هذه السيارة متجهة إلى سيتل؟"" فأومأ السائق بالإيجاب وتوقف ليقله. شعر يحيى بالامتنان وهو يجلس في السيارة متجهين إلى وجهته. ","  وقف يحيى على جنب الطريق منتظر السيارة يلي عم تروح على سيتل. لما مرقت السيارة، سأل يحيى ""هل هذه السيارة متجهة على سيتل؟"" السواق أيدلو بالإيجاب ووقف لياخدو. يحيى حس بالامتنان وهو قاعد بالسيارة ماشيين على وجهتو. ",Syrian
 ذهب أحمد للجامعة ليسجل في دورة اللغة الإنجليزية، ولكنه فوجئ بارتفاع الرسوم. سأل الموظف إذا كان بالإمكان دفع جزء من الرسوم الآن. وافق الموظف وابتسم قائلاً إن هذا ممكن. شعر أحمد بالسعادة لأنه سيتمكن من البدء في الدورة دون تأخير. , أحمد راح عالجامعة ليسجل بدورة الإنكليزي، بس انصدم بغلاء الرسوم. سأل الموظف إذا بيقدر يدفع جزء من المصاري هلق. الموظف رد عليه بابتسامة وقال إن هالشي ممكن. أحمد صار مبسوط كتير لأنو رح يقدر يبلش الدورة من دون تأخير. ,Syrian
 هذا السؤال دار في ذهن يوسف لدى رؤيته للوردة الجميلة. إنها تبدو حقيقية بألوانها الزاهية وأوراقها الناعمة، لكن شيئا ما يجعله يشك. قرر يوسف أن يقترب ويمسك الوردة ليكتشف الحقيقة. وبمجرد لمسها ابتسم، فالوردة كانت طبيعية وعطرها يفوح في الأجواء. , هالسؤال دور براس يوسف لما شاف الوردة الحلوة. بتبين حقيقية بألوانها الصارخة وأوراقها الندية، بس في شي خلاه يشك. يوسف قرر يتقرب ويمسك الوردة ليتأكد من الحقيقة. أول ما لمسها ابتسم، لأن الوردة طبيعية وريحتها عم تفوح بالمكان. ,Syrian
" في يوم من الأيام، سأل الفتى صديقه بقلق: ""هل ستنتظرني هنا؟"" وعد الصديق بالإنتظار، ولكن مرت الساعات ولم يعد الفتى. ظل الصديق واقفًا ينتظر حتى غروب الشمس، وأدرك أخيرًا أن الوعود أحيانًا لا تُصان. "," بيوم من الأيام، سأل الشب صاحبو متل القلقان: ""رح تستناني هون؟"" صاحبو وعدو إنو رح يستنى، بس الساعات مرقت والشب ما رجع. صاحبو وقف يستنا لتغيب الشمس، وبالآخر عرف إنو الوعود أحياناً بتضل مجرد وعود. ",Syrian
 آه شكراً كنت أبحث عنها منذ قليل. وجدتها أخيرًا تحت كومة الكتب القديمة. كنت أحتاجها لإتمام بحثي العلمي. فرحت كثيرًا لأنها من النوادر. أعدتها إلى مكتبتي بحرص شديد. , أه شكراً، كنت عم دور عليها من شوي. لقيتها أخيرًا تحت دفة الكتب القديمة. كنت محتاجا لتكملة بحثي العلمي. فرحت كتير لأنها من الكتب النادرة. رجعتها على مكتبتي بحذر كبير. ,Syrian
" في يوم من الأيام، ذهب أحمد إلى المتجر لشراء هاتف جديد. عندما وصل إلى الصندوق، سأله البائع ""نقداً أم على بطاقة الائتمان؟"". فكر أحمد للحظة ثم قرر الدفع نقداً لتجنب رسوم الفائدة. شعر بالسعادة وهو يغادر المتجر حاملاً هاتفه الجديد دون أي ديون. "," بيوم من الأيام، أحمد راح على السوق ليشتري موبايل جديد. لما وصل عند الكاشير، البياع سألو ""نقدي أو على البطاقة؟"". أحمد فكر شوي وقرر يدفع نقداً ليتجنب الفوائد. حس بالفرح وهو طالع من السوق مع موبايلو الجديد من دون ديون. ",Syrian
 في يوم مشمس، وجد محمود نفسه في مدينة لم يزرها من قبل. كان ينظر حوله بدهشة، فالمباني كانت ذات طراز فريد والناس يتحدثون بلهجات مختلفة. شعر بالضياع ولكنه كان متحمسًا لاكتشاف هذا المكان الجديد. في نهاية اليوم، تمكن من التعرف على بعض السكان الودودين الذين عرضوا عليه المساعدة. , بيوم مشمس، محمود لقى حالو بمدينة ما كان زارها من قبل. كان عم يطلع حواليه بتعجب، البنايات كانت بتصميم مميز والناس كانو عم يحكو بلهجات مختلفة. حس حالو ضايع بس كمان متحمس يكتشف هالمكان الجديد. بآخر اليوم، قدر يتعرف على شوية ناس طيبين الي عرضو يساعدوه. ,Syrian
" كان أحمد يبحث عن هدية مناسبة لصديقه، ولكنه لم يكن يملك الكثير من المال. وجد ساعة جميلة في أحد المحلات ولكنها كانت مكلفة. تذكر كلمات صديقه ""ليس تماماً. فقط شيء ما غير غالي الثمن"". فاشترى كتاباً كان صديقه يتمنى الحصول عليه. "," أحمد كان عم يدور على هدية مناسبة لصاحبو، بس ما كان معو مصاري كتير. لقى ساعة حلوة بمحل بس كانت غالية. تذكر شو قالو صاحبو ""مو لازم تكون غالية كتير. بس شي شغلة مو غالية"". عشان هيك اشترى كتاب كان صاحبو بدو ياه. ",Syrian
 اشترت أميرة فستانًا جديدًا وكانت في حيرة، هل يمكن أن يتم غسيله في المغسلة أم يدويًا في المنزل؟ قررت أن تستشير البائعة التي نصحتها بالغسيل اليدوي للحفاظ على نوعية القماش. وعلى الرغم من تحذير البائعة، قررت أميرة أن تجرب الغسيل في المغسلة لتوفير الوقت. ولكن بعد استلام الفستان من المغسلة، تفاجأت بأن الألوان قد بهتت والقماش قد تلف. , اشترت أميرة فستان جديد وكانت محتارة، يعني بتقدر تغسلو بالمغسلة ولا لازم بالإيد بالبيت؟ قررت تسأل البياعة يلي نصحتها تغسلو بالإيد لحتى ما يخترب القماش. بس مع إنو البياعة حذرتها، قررت أميرة تغسلو بالمغسلة لتوفر وقت. ولما استلمت الفستان من المغسلة، انصدمت لما شافت الألوان صارت باهتة والقماش تلف. ,Syrian
" كان هناك طفل يحب الرسم كثيراً، وذات يوم نفذت ألوانه المائية فطلب من والدته شراء علبة جديدة. قال لها ""أحتاج علبة ألوان مائية من فضلك"". فابتسمت الأم ووعدته بشراء أفضل علبة لون مائي في السوق. وعندما حصل على الألوان الجديدة، أمضى الطفل ساعات يرسم لوحة زاهية شكراً لأمه. "," كان في ولد بحب الرسم كتير، ومرة خلصت ألوانه المائية، فطلب من أمه تشتريلو علبة جديدة. قلها ""بدي علبة ألوان مائية لو سمحتي"". الأم ابتسمت ووعدتو تجيبلو أحلى علبة بالسوق. لما جابتلو الألوان الجديدة، قعد الولد يرسم لوحة حلوة كتير وشكر أمه عليها. ",Syrian
" كان يمشي في السوق عندما صدم بشخص. التفت ليرى من هو، فإذا به صديقه القديم. قال له متفاجئاً: ""آسف. ماذا كنت تريد؟"" ضحك صديقه ودعاه لتناول القهوة. "," كان عم يمشي بالسوق لما اصطدم بشخص. التفت ليشوف مين، طلع صاحبو القديم. قلو متفاجئ: ""آسف. شو كنت عم تريد؟"" ضحك صاحبو وعزمو على فنجان قهوة. ",Syrian
 قرر ماجد تغيير الموعد لزيارة الطبيب إلى التاسع عشر من مايو بدلاً من الخامس عشر بسبب ارتباطات عمل طارئة. عندما حل اليوم المنتظر، استيقظ مبكرًا وتوجه إلى العيادة. وجد الطبيب ينتظره، فقد كان أول المرضى في ذلك اليوم. تمت الفحوصات بسلاسة، وغادر ماجد وهو يشعر بالرضا عن قراره. , ماجد قرر يغير موعدو مع الدكتور ليصير بتاريخ التاسع عشر من مايو بدل الخامس عشر لأنو طلعتلو شغلة ضرورية. يوم الموعد صار قام بكير وتوجه لعند العيادة. لقى الدكتور عم يستناه، كان أول المرضى هاليوم. الفحوصات مرت منيح وماجد ترك العيادة مبسوط بقرارو. ,Syrian
" عندما وصل خالد إلى الفندق، قُدمت له الاستقبالية ورقة وقالت: ""من فضلك وقع هنا"". وأشارت إلى الخط الأسفل ثم أعطته فاتورة بمصروفاته قائلة: ""وهذه فاتورة بمصروفاتك"". خالد تفحص الفاتورة متأنيًا، ولاحظ أن كل شيء كان على ما يرام. بعد أن وقّع، شكر الاستقبالية وتوجه إلى غرفته، مرتاحًا لتسوية الأمور بسلاسة. "," لما وصل خالد عالفندق، الموظفة قلتلو: ""لو سمحت اكتب اسمك هون"". وأشرتلو عالخط اللي تحت وأعطتو الفاتورة وقالتلو: ""وهي فاتورة مصروفاتك"". خالد تفقد الفاتورة منيح وشاف إن كل شي تمام. بعد ما وقع، شكر الموظفة وراح على غرفتو مرتاح إنو كل الأمور تمت بسهولة. ",Syrian
 في أحد الأيام، ذهبت سارة إلى السوق لتشتري بعض الجوارب الحريمي. وجدت متجراً صغيراً يبيع ما تبحث عنه بأسعار معقولة. اشترت سارة ثلاثة أزواج من الجوارب الملونة. عادت إلى المنزل سعيدة بمشترياتها وارتدت زوجاً جديداً فوراً. , بيوم من الأيام، راحت سارة عالسوق تشتري جوارب حريمي. لقت محل صغير عم يبيع الي هيي عم تدور عليه بأسعار منيحة. سارة شرت تلات أزواج من الجوارب المنوّعة. رجعت عالبيت مبسوطة بشراياتها ولبست واحد منن على طول. ,Syrian
 كان محمد يشعر بالجوع الشديد، فقرر أن يذهب إلى السوق ليشتري لحوم الضأن. وجد محمد الجزار المعروف بجودة لحمه واشترى منه كمية وافرة. عندما عاد إلى المنزل، شرع في تحضير وجبة شهية. جمعت العائلة حول المائدة، وتناولوا الطعام معاً وسط أجواء من البهجة والسرور. , محمد كان جوعان كتير، فقرر يروح عالسوق ليشتري لحم غنم. لما وصل، شاف الجزار اللي عندو لحمة منيحة واشترى منو كمية كبيرة. لما رجع عالبيت، بلش يحضر أكلة طيبة. العيلة اجتمعت حول السفرة، وتعشوا سوا بجو حلو ومبسوطين. ,Syrian
 في يوم صيفي حار، وجد حسام نفسه يتجول في الأزقة القديمة بحثاً عن شيء ما، لكنه لم يكن يعلم ما هو. كانت الشمس تلفح وجهه والعرق يتصبب من جبينه، وفجأة توقف أمام متجر أنتيكات قديم. فتح باب المتجر المتآكل ودخل، وهناك وجد تمثالاً صغيراً يشع بريقاً خفياً، شعر حينها أنه ما كان يبحث عنه. , بيوم صيفي حار، حسام لقى حالو عم يتمشى بالأزقة القديمة بيدور على شي، بس ما كان عارف شو هو. الشمس كانت عم تحرق وجهو والعرق نازل من جبينو، وفجأة وقف قدام دكانة أنتيكات عتيقة. فتح باب الدكانة الختيار ودخل، وهنيك لقى تمثال صغير عم يلمع، حس إنو هاد هو الشي يللي كان عم يدور عليه. ,Syrian
 كنت أقف في المحطة، أتأمل الحافلات المتجهة إلى وجهات شتى. سألت المارة عن الحافلة المتجهة إلى محطة بين، فأشاروا إلى الحافلة رقم سبعة. صعدت إلى الحافلة وجلست أفكر في الأشياء التي سأفعلها عند الوصول. وبعد رحلة قصيرة، وصلت إلى المحطة المنشودة وبدأت يومي بحماس. , كنت واقف بالمحطة، عم شوف باصات عم تروح لأماكن كتيرة. سألت الناس عن الباص يللي رايح على محطة بين، ودلوني على باص رقم سبعة. طلعت عالباص وقعدت فكر شو رح ساوي لما وصل. وبعد رحلة قصيرة، وصلت على المحطة يللي بدي إياها وبلشت يومي بحيوية. ,Syrian
 في ليلةٍ هادئة، سمعتُ صوتًا غريبًا خارج النافذة. عندما اقتربت لأرى ما هو، وجدت قطةً صغيرة تبحث عن مأوى. فتحتُ النافذة ودعوتها إلى الداخل. ومنذ تلك الليلة، أصبحت القطة جزءًا لا يتجزأ من حياتي. , بليلة هادية، سمعت صوت غريب برا الشباك. لما قربت لأشوف شو الصوت، لقيت قطة صغيرة عم تدور على مأوى. فتحت الشباك وطلبت منها تدخل. ومن يليك الليلة، صارت القطة جزء أساسي من حياتي. ,Syrian
 ذهب محمود إلى السوق لشراء جوارب رجالية جديدة. وجد متجرًا يعرض تشكيلة واسعة من الجوارب بألوان وأنماط مختلفة. اختار ثلاثة أزواج بألوان متناسقة مع ملابسه. عاد إلى المنزل فرحًا بمشترياته وقرر أن يعود مجددًا للمتجر. , محمود راح عالسوق ليشتري شرابات رجالي جداد. لقى محل فيه تشكيلة كبيرة من الشرابات بألوان وتصاميم متنوعة. اختار تلاتة أزواج بألوان بتناسب مع لبسو. رجع عالبيت مبسوط باللي اشتراه وقرر يرجع عالمحل مرة تانية. ,Syrian
 كانت ليلى تبحث عن وجبة خفيفة لتناولها في المساء. عندما وجدت طبق السلطة، فرحت كثيراً لأن سعراتها الحرارية منخفضة جداً، فقط 30 سعر. قررت أن تجعلها وجبتها الأساسية في الرجيم. وبالفعل، ساعدتها هذه السلطة على خسارة الوزن بشكل صحي. , ليلى كانت عم تدور على شي خفيف تاكلو بالليل. لما لقت طبق السلطة، فرحت كتير لأنو السعرات الحرارية فيها منخفضة كتير، بس 30 سعر. قررت تخليها الأكلة الأساسية بالرجيم يلي عم تعملو. وفعلاً، هالسلطة ساعدتها تنزل بالوزن بطريقة صحية. ,Syrian
 كان محمد يريد أن يسافر إلى مدينة جميلة لقضاء إجازته. ولهذا قرر أن يحجز غرفة في فندق يطل على البحر. بحث على الإنترنت ووجد مكاناً مثالياً يناسب ميزانيته. بعد إتمام الحجز، شعر بسعادة كبيرة استعداداً لرحلته. , محمد كان ناوي يسافر على مدينة حلوة ليقضي إجازته. قرر يحجز غرفة بفندق عالبحر. دوّر عالإنترنت ولقى محل منيح يناسب مصروفو. بعد ما خلص الحجز، حس بفرح كبير وهو عم يستعد للرحلة. ,Syrian
" في أحد الأيام، سأل الطالب الجديد زميله في الفصل: ""من أي مكان في اليابان أنت؟"" فأجابه الزميل بابتسامة: ""أنا من كيوتو، مدينة الألف معبد."" ومنذ ذلك الحين، أصبحا صديقين مقربين وقضيا الوقت في استكشاف الثقافة اليابانية معًا. في نهاية العام الدراسي، دعا الطالب زميله لزيارة بلدته الصغيرة في أوكيناوا ليظهر له جمال الجزر الجنوبية. "," بيوم من الأيام، الطالب الجديد سأل رفيقو بالصف: ""من وين باليابان أنت؟"" رفيقو ضحك وقالو: ""أنا من كيوتو، مدينة الألف معبد."" من بعد هاليوم، صارو أصدقاء متقاربين وقضوا وقتن بمعرفة الثقافة اليابانية سوا. بآخر السنة الدراسية، الطالب دعا رفيقو يزور مدينتو الصغيرة بأوكيناوا ليشوفو جمال الجزر الجنوبية. ",Syrian
 لسوء الحظ، هو مشغول جداً في ذلك اليوم. كان عند أحمد العديد من المواعيد والالتزامات التي لا يمكن تأجيلها. رغم ذلك، وجد الوقت لمساعدة صديقه المحتاج. في نهاية اليوم، شعر بالرضا لتمكنه من الجمع بين واجباته ومساعدة الآخرين. , للأسف، كان مشغول كتير بهاليوم. أحمد عندو مواعيد كتيرة ومسؤوليات ما كان في أي إمكانية لتأجيلها. بس بالرغم من هيك، قدر يلاقي وقت يساعد صاحبو المحتاج. بآخر اليوم، حس براحة كبيرة لأنو استطاع يجمع بين واجباتو ومساعدة الآخرين. ,Syrian
" في يومٍ ماطر، ذهبت أمل لشراء مظلة جديدة. وبينما كانت تتصفح المحل، أشار لها البائع إلى مظلة زرقاء جميلة. قالت أمل: ""في هذه الحالة ، أنصح بهذه الواحدة."" ومنذ ذلك اليوم، أصبحت المظلة رفيقة أمل الدائمة في كل الأجواء. "," بيوم مطر، راحت أمل تشتري مظلة جديدة. وهي عم تتفرج بالمحل، البياع نبها على مظلة زرقا حلوة. أمل قالت: ""بهالحالة، أنا بنصح بهالوحدة."" ومن بعد هاليوم، صارت المظلة صاحبة أمل الدايمة بكل الطقس. ",Syrian
 في يومٍ مشمس، خرج سعيد ليبحث عن خدمة. وجد حجرة جميلة تحتاج إلى تنظيف وقرر أن يقدم خدماته. عمل بجد وأتقن العمل حتى أعجب به الجميع. وبذلك حصل على الكثير من العملاء الدائمين. , بيوم مشمس، سعيد طلع يدوّر على شغل. لقى غرفة حلوة بدها تنظيف وقرر يعرض خدماتو. اشتغل بجهد وكمّل الشغل على أكمل وجه، كل الناس انبسطوا فيه. وبهيك صار عندو زبائن دايمين كتار. ,Syrian
" كان في قرية صغيرة يعيش فيها أهلها بسلام، وفي يوم من الأيام، سمع الناس صوتًا عاليًا ينادي ""انتبهوا من فضلكم"". التفت الجميع ليروا رجلًا يحذرهم من خطر قادم. أخذ الأهالي النداء على محمل الجد وبدأوا بالاستعدادات لمواجهة الطارئ. وبفضل تحذير الرجل، استطاعوا أن يحموا القرية وأنفسهم من الخطر الداهم. "," بقرية صغيرة كان في ناس عايشين بسلام، وبيوم من الأيام سمعو صوت واحد عم يصرخ ""انتبهوا من فضلكم"". الناس كلها التفتت لتشوف رجال عم يحذرهم من خطر عم يقترب. الأهلي عملو الكلام على محمل الجد وبلشو يتجهزو لأي طارئ. ومنيح إنهم سمعو للرجال، لأنهم قدرو يحمو القرية وحالهم من الخطر اللي كان جاي. ",Syrian
" كانت ليلى تبحث عن فستان لحضور حفل زفاف صديقتها. وجدت واحدًا يعجبها في السوق لكنه كان ملطخًا ببعض البقع. توجهت إلى البائع وسألته ""هل تستطيع أن تخفض سعرها لوجود بعض البقع بها؟"". ابتسم البائع ووافق على تخفيض السعر مما جعل ليلى تشتريه بسعادة. "," ليلى كانت عم تدور على فستان لعرس صاحبتها. شافت واحد بالسوق عجبها بس كان فيه شوية بقع. قالت للبائع ""فيك تنقص من سعرو لأنو في بقع؟"". البائع ابتسم وموافق ينقص من السعر، وليلى اشترتو وهي مبسوطة. ",Syrian
" في يوم مشمس، سأل الطفل جده: ""هل لديك أية طوابع تذكارية؟"" فابتسم الجد وأخرج صندوقًا قديمًا مليئًا بالطوابع من جميع أنحاء العالم. كانت كل طابعة تحكي قصة من رحلات الجد الطويلة. وبتلك الطوابع، سافر الطفل حول العالم دون أن يترك غرفته. "," بيوم مشمس، الصبي سأل جدو: ""عندك طوابع تذكارية يا جدو؟"" جدو ابتسم وطلع صندوق قديم كلو طوابع من كل العالم. كل طابع كان عم يحكي قصة من سفرات جدو الطويلة. ومع هالطوابع، الصبي سافر حول العالم وهو قاعد بغرفتو. ",Syrian
" في ليلة باردة بأحد الفنادق القديمة، دخلت امرأة الغرفة رقم ثلاثة سبعة عشر مرتجفة من البرد. نظرت حولها ولاحظت أن النافذة مفتوحة، فأسرعت إلى إغلاقها. شعرت بالبرودة تخترق عظامها فنادت الموظف المسؤول قائلة ""هذه غرفة ثلاثة سبعة عشر. يمكنني أخذ بطانية أخرى؟"" أحضر لها الموظف بطانية دافئة وعرض عليها كوباً من الشاي الساخن لتدفئتها. "," بليلة باردة بواحد من الفنادق العتيقة، دخلت مرة على غرفة رقم تلاتة سبعتاش وهيي عم ترجف من البرد. التفتت حواليها وشافت الشباك مفتوح، فراحت سكرتو بسرعة. حسّت بالبرد عم يقشعر عظامها فصاحت عالموظف اللي هنيك قالتلو ""هيدي غرفة تلاتة سبعتاش. فيي جيب بطانية تانية؟"" جابلها الموظف بطانية دافية وعرض عليها كاسة شاي سخنة لتتدفى. ",Syrian
 كان يحتاج خالد إلى الوصول للمحطة بسرعة ليلحق بالقطار. سأل السائق المجاور إن كان يستطيع أن يوصله في خمس عشرة دقيقة. بمهارة، تفادى السائق الزحام وسار بسرعة. وصل خالد إلى المحطة بالوقت المحدد وشكر السائق على مجهوده. , خالد كان مستعجل يوصل على المحطة بسرعة ليحقق القطار. سأل السواق اللي جنبه إذا بيقدر يوصله بخمسطعش دقيقة. بمهارة، السواق تفادى الازدحام وساق بسرعة. وصل خالد عالمحطة بالوقت المطلوب وشكر السواق على تعبو. ,Syrian
 اضطر محمد للبحث عن مصرف يقبل رهن العربة لأنه كان بحاجة ماسة للمال. وجد مصرفاً وافق على منحه القرض مقابل رهن السيارة. أتم محمد الإجراءات وحصل على المبلغ الذي يحتاجه. وبذلك استطاع أن يدفع مصاريف العلاج الضرورية لوالدته المريضة. , كان محمد مضطر يدور على بنك يقدر يرهن فيه السيارة لأنو كان محتاج مصاري كتير. لقى بنك وافق يعطيه قرض مقابل رهن العربة. خلص محمد كل الإجراءات واستلم المصاري يلي كان محتاجها. بيهيك استطاع يدفع تكاليف علاج أمو المريضة. ,Syrian
 ارتطم بي شخص في السوق المزدحم، وعندما وقعت على الأرض، ساعدني في النهوض. بعد أن رحل الشخص، تفقدت جيوبي لأجد أن محفظتي قد سرقت. شعرت بالغضب والحيرة، وتوجهت مباشرة إلى مركز الشرطة لتقديم بلاغ. , بالسوق يلي كان مليان ناس، واحد دفشني ولما طحت عالأرض، قام ساعدني وقف. بعد ما راح، فتشت جيوبي واكتشفت إنو محفظتي انسرقت. زعلت وحسيت بحيرة، ورحت على طول عالشرطة عشان أعمل محضر. ,Syrian
 عندما وصلت إلى الفندق، أخبرتني الاستقبالية أنه لا يوجد أماكن شاغرة بالغرف ذات السرير الواحد. لكنها اقترحت علي الإقامة في غرفة مزدوجة بنفس السعر. وافقت على العرض بسعادة واستلمت مفتاح الغرفة. وفي تلك الليلة، قابلت زميل الغرفة الجديد الذي أصبح صديقي المقرب. , يوم وصلت ع الفندق، الاستقبال قالولي ما في أماكن فاضية بالغرف اللي فيها سرير واحد. بس عرضوا عليي أسكن بغرفة مزدوجة بنفس السعر. وافقت فوراً وأخدت مفتاح الغرفة. وبالليلة يلي جت، تعرفت على شريك الغرفة الجديد، يلي صار صديقي المقرب. ,Syrian
 كان لدى علي تذكرة حفل موسيقي مهمة جدًا. تفقد التذكرة ورأى أنها ليوم محدد فقط. شعر بالقلق لأنه لم يكن متأكدًا إذا كان بإمكانه الذهاب في ذلك اليوم. قرر في النهاية الاتصال بالمنظمين ليتأكد من صلاحية التذكرة. , عندو علي تذكرة لحفلة موسيقية مهمة كتير. لما فحص التذكرة شاف إنها ليوم محدد بس. حس بالقلق لأنو مو متأكد إذا رح يقدر يروح بهديك اليوم. قرر بالآخر يتصل بالمنظمين ليتأكد إذا التذكرة لسا سارية. ,Syrian
 وصل أحمد إلى ميلانو في الصباح الباكر. كانت المدينة تنبض بالحياة والأناقة. قرر أن يتجول في شوارعها ويستمتع بمعالمها. في المساء، التقى بأصدقاء قدماء وتناولوا العشاء معًا. , أحمد وصل على ميلانو بكير الصبح. المدينة كانت عم تنبض بالحياة والأناقة. قرر يتمشى بشوارعها ويستمتع بالمشاهد. بالمسا، التقى مع رفقاتو القدامى وتعشوا سوا. ,Syrian
" في مكتب صغير بقلب المدينة، سأل مدير الموارد البشرية الجديد العاملين: ""هل لديكم شخص يتحدث اليابانية؟"" فرفع يوسف يده مترددًا، ليس لأنه يتقنها تمامًا ولكن لأنه كان يدرسها لبضعة أشهر. أدرك المدير أن يوسف يملك الشغف وقدرة التعلم، فقرر إعطاؤه فرصة. وبعد عام، أصبح يوسف المترجم الرئيسي لكل المراسلات مع الشركاء اليابانيين. "," بمكتب صغير بقلب البلد، الشخص الجديد يلي بيشتغل بإدارة الموارد البشرية سأل العمال: ""في حدا عندو خبرة بالياباني؟"" يوسف رفع إيدو بتردد، مو لأنو بيعرفها منيح بس لأنو كان بيدرسها من شي شهور. المدير عرف إنو يوسف عندو الحماس وبيتعلم بسرعة، فقرر يعطيه الفرصة. وبعد سنة، صار يوسف المترجم الأساسي لكل الاتصالات مع الشركاء اليابانيين. ",Syrian
 في إحدى القرى النائية، كان هناك رجل عجوز يعزف الموسيقى الشعبية على الراديو القديم. وفي كل مساء، كانت العائلات تتجمع حول النار للاستماع إلى الألحان التي تذاع من المحطة المحلية. ذات ليلة، قرر الشاب محمود أن يتعلم العزف ليحافظ على تقاليد قريته. بمرور الوقت، أصبح محمود معلماً للموسيقى الشعبية واستمرت المحطة في البث دون انقطاع. , بواحدة من القرى البعيدة، كان في عمو كبير بيلعب الموسيقى الشعبية على الراديو القديم. وكل مسا، العيل كانوا بيتجمعوا حوالين النار ليسمعوا للألحان يلي بتنبث من المحطة المحلية. بليلة من الليالي، الشب محمود قرر يتعلم العزف ليحافظ على عادات القرية. مع الأيام، محمود صار يعلم الموسيقى الشعبية والمحطة استمرت بالإرسال بدون انقطاع. ,Syrian
 في يوم مشمس، قرر أحمد أن يسافر عبر شركة الخطوط الجوية دلتا إلى نيويورك. حجز تذكرته بسهولة عبر الإنترنت وبدأ يستعد لرحلته بحماس. وصل إلى المطار مبكرًا، ومر بإجراءات الأمن دون مشاكل. بعد الإقلاع، استمتع بخدمة الضيافة على متن الطائرة وتأمل السماء الزرقاء خلال الرحلة. , بيوم مشمس، أحمد قرر يسافر مع شركة الخطوط الجوية دلتا على نيويورك. حجز تذكرتو بساهة على الإنترنت وبلش يستعد للرحلة بفرح. وصل عالمطار بكير ومرق من الأمن بدون مشاكل. بعد الإقلاع، تمتع بخدمة الضيافة على الطيارة وتأمل بالسما الزرقا طول الطريق. ,Syrian
 في أحد الأيام، قرر خالد أن يشتري إبريق قهوة جديد لأن القديم قد تكسر. ذهب إلى السوق وبحث في كل مكان حتى وجد إبريقًا أنيقًا يناسب ذوقه. بعد الشراء، عاد إلى المنزل وقام بإعداد أول قهوة في إبريقه الجديد ودعا أصدقائه لتذوقها. استمتع الجميع بالقهوة وأثنوا على جودة الإبريق الجديد. , بيوم من الأيام، خالد قرر يشتري إبريق قهوة جديد لأن المتكسر صار عطلان. راح عالسوق ودور بكل مكان لحتى لقى إبريق مرتب بيعجب ذوقو. بعد ما اشتراه، رجع على البيت وصار يعمل أول فنجان قهوة بالإبريق الجديد وعزم رفقاتو يجربوها. كل الشباب استمتعوا بالقهوة وعطوه كتير مدح على الإبريق الجديد. ,Syrian
" في يوم من الأيام، بحث علي عن بيت جديد للإيجار. عندما وصل إلى البيت الذي أعجبه، سأل صاحب العقار: ""هل تحتوي على حمام ومرحاض؟"". أجابه الرجل بابتسامة: ""بالطبع، وهما مجهزان بأحدث التجهيزات"". فأحس علي بالراحة، لأنه كان يبحث عن المرافق الحديثة في منزله الجديد. "," بيوم من الأيام، علي كان عم يدوّر على بيت جديد ليستأجره. لما وصل للبيت يللي عجبه، سأل صاحب العقار: ""فيه حمام وتواليت؟"". الرجال ابتسم وقلّو: ""أكيد، وكل شي مجهز بأحدث الشغلات"". علي ارتاح لأنو كان عم يبحث عن الراحة والتجهيزات الحديثة بالبيت الجديد. ",Syrian
 كان هناك طالب يدرس للامتحان طوال الليل، وعندما جاء وقت الامتحان، شعر بالإرهاق الشديد. حاول التركيز ولكنه لم يستطع تذكر المعلومات جيداً. عندما نظر إلى الساعة، أدرك أن الوقت انتهى. شعر بخيبة أمل كبيرة وعزم على تنظيم وقته بشكل أفضل في المستقبل. , كان في طالب عم يدرس للامتحان طول الليل، ويوم الامتحان حس بتعب كبير. حاول يركز بس ما قدر يتذكر المعلومات منيح. لما طلع عالساعة، اكتشف إنو الوقت خلص. حس بإحباط كبير وعاهد حالو ينظم وقتو أحسن بالمستقبل. ,Syrian
 سمعت أن السيد يامادا عنده ولدان، فقررت أن أزوره في منزله الكبير. وعندما وصلت، رأيت الأولاد يلعبون في الحديقة وهما سعيدان جدا. السيد يامادا استقبلني بحفاوة وأظهر لي مكتبته الضخمة. وقبل أن أغادر، أهداني كتاباً قيماً كان يقرأه لأولاده كل ليلة. , سمعت إن السيد يامادا عندو ولدين، فحبيت زورو في بيتو الكبير. لما وصلت، شفت الأولاد عم يلعبوا بالحديقة ومبسوطين كتير. السيد يامادا استقبلني بكرم وورجاني مكتبتو الضخمة. وقبل ما روح، عطاني كتاب قيم كان يقرأو لأولادو كل ليلة. ,Syrian
 كنت أحلم دائمًا بالإبحار في البحر الأزرق الواسع، وفي يوم مشمس، قررت أن أحقق حلمي. أود أن أستأجر قارب شراعي فبدأت بالبحث عن مكان للإيجار. وجدت المكان المثالي وتعلمت أساسيات الإبحار. أخيرًا، أبحرت وشعرت بحرية لم أشعر بها من قبل. , دايمًا كان عندي حلم إني أبحر بالبحر الأزرق الواسع، وبيوم مشمس، قررت حقق حلمي. بدي أستأجر قارب شراعي، فبلشت دوّر على محل للإيجار. لقيت المحل المناسب وتعلمت أساسيات الإبحار. وأخيرًا، أبحرت وحسيت بحرية ما حسيت فيها من قبل. ,Syrian
" في يومٍ مشمس، سألت الأم ابنها: ""هل بإمكانك عمل الأطباق في وقت لاحق؟"" فأجاب الابن بابتسامة وأكمل لعبته. بعد ساعات، وقف الابن في المطبخ يغسل الأطباق بينما يستمع إلى الموسيقى. شعر بسعادة لأنه أوفى بوعده لأمه. "," بيوم مشمس، الأم سألت ابنها: ""ممكن تغسل الصحون بعدين؟"" الابن ضحك وكمّل لعبتو. بعد شي ساعات، وقف الابن بالمطبخ يغسل الصحون وعم يسمع للموسيقى. حس بالفرح لأنو عمل يلي وعد فيه أمو. ",Syrian
 كان أحمد في حاجة إلى موقد غاز جديد لمطبخه. ذهب إلى السوق وبحث في عدة محلات. وجد موقدًا يناسب ميزانيته واحتياجاته. قام بشرائه وعاد إلى منزله سعيدًا. , أحمد كان محتاج لموقد غاز جديد للمطبخ تبعو. راح عالسوق ودور بكذا دكانة. لاقى واحد منيح يناسب مصروفو وشراه. رجع على بيتو مبسوط. ,Syrian
" كان يوسف يمتلك مبلغا من الدولارات الأمريكية وأراد تغييرها إلى جنيهات إسترلينية لرحلته إلى لندن. فذهب إلى مكتب الصرافة وسأل الصراف: ""هل يمكنك تغيير الدولارات الأمريكية إلى جنيهات إسترلينية؟"" فأجابه الصراف بأن السعر الحالي ممتاز للتحويل. فسر يوسف بذلك وقام بتبديل المبلغ، متطلعا لزيارة معالم لندن الشهيرة. "," يوسف كان عندو مصاري دولارات أمريكية وبده يبدلهن لجنيهات إسترلينية لأنو رايح ع لندن. راح على محل الصرافة وسأل الصراف: ""فيك تحولي الدولارات الأمريكية لجنيهات إسترلينية؟"" الصراف أجا عليه وقلو إنو السعر منيح اليوم للتحويل. يوسف انبسط كتير وصرف المصاري، متشوق ليشوف شي من عجايب لندن. ",Syrian
 بالتأكيد يا سيدي. ما اسمك؟ قال الرجل العجوز وهو ينظر إليّ بعينين تملؤهما الحكمة. أجبته بأدب: اسمي عمر يا عمي. ثم سألني عن قصتي وكأنه يعرف أن هناك شيئاً ما خلف ستار الكلمات. وبعد حديث طويل، أدركت أن هذا الرجل قد يكون مفتاح حل لغز ماضي عائلتي. , طبعاً سيدي. شو اسمك؟ سألني العمو الكبير وهو عم يطلع فيني بعيون فيها حكمة. رديت عليه بكل احترام: اسمي عمر يا عمو. بعدين سألني عن قصتي كأنه عبيحس في شي مستور ورا الكلام. وبعد جلسة طويلة، اكتشفت إنو هالرجال يمكن يكون مفتاح لحل لغز ماضي العيلة. ,Syrian
" في أحد الأيام, ذهب أحمد إلى عمله دون أن يلتزم بالزي الرسمي المعتاد. لاحظ رئيسه ذلك واستدعاه لمكتبه ليسأله عن السبب. أخبره أحمد أن ملابسه الرسمية تضررت بسبب عطل في الغسالة. تفهم الرئيس الموقف وسمح له بالعمل بملابسه العادية لهذا اليوم. "," بيوم من الأيام, راح أحمد على شغلو من دون ما يلبس الزي الرسمي. شافو المدير وطلبو لمكتبو عشان يسألو ليش مو لابس متل العالم. قلّو أحمد إنو الغسالة عطلانة وخربتلو ثيابو الرسمية. المدير فهم القصة وسمحلو يشتغل بهاللبس لليوم. ",Syrian
 ارجوا أن تحضر المرة القادمة فقط. عندما جاءت الفرصة التالية، لبى أحمد الدعوة وحضر. وجد نفسه في تجمع مليء بالمثقفين والأدباء. استمتع بالحديث معهم، وتعلم الكثير. , بتمنى تكون موجود المرة الجايي بس. لما إجت الفرصة التانية، أحمد استجاب للدعوة وحضر. لقى حالو بتجمع مليان مثقفين وأدبا. استمتع بالحكي معن وتعلم كتير. ,Syrian
 كان يحيى غير متأكد إذا كان قد حزم ملابس كافية لرحلة مدتها ثلاثة أيام. فتح الحقيبة مرة أخرى وأضاف بعض القمصان والجوارب. لم ينسَ أخذ شاحن الهاتف والكاميرا لتوثيق اللحظات. وعندما وصل الى وجهته، شعر بالراحة لأنه أعد كل شيء بشكل جيد. , يحيى ما كان متأكد إذا كان حضّر كفاية ملابس لرحلة مدتا تلات أيام. فتح الشنطة مرة تانية وزاد كم قميص وشرابات. ما نسي ياخد معو شاحن التلفون والكاميرا ليصور اللحظات. ولما وصل لمكانو، ارتاح لأنو كان مجهز كلشي منيح. ,Syrian
 في يوم من الأيام، وجد أحمد عملة نادرة وقيمتها دولاران لكل واحدة. قرر بيعها في المزاد العالمي. تجمع الناس من كل مكان لرؤية العملة النادرة. وفي النهاية، بيعت العملة بألف دولار. , بيوم من الأيام، لقى أحمد عملة نادرة وكل وحدة فيهن بتسوى دولارين. قرر يبيعها بالمزاد العالمي. الناس تجمعوا من كل مكان ليشوفوا العملة النادرة. وبالآخر، انباعت العملة بألف دولار. ,Syrian
 لقد تأكدنا جميعا من أن الكراسات قد أرسلت إليكم عن طريق البريد. في اليوم التالي، كان الجميع في المكتب يترقبون وصول الرد. لكن مرت الأيام ولم تأت أي إشارة من المستلم. وأخيرًا، بعد أسبوعين، وصلت برقية تؤكد استلام الكراسات وشكرهم على المحتوى القيم. , كلنا تأكدنا إنو الدفاتر انبعتت لإلكن بالبريد. تاني يوم، الكل بالمكتب كان عم يستنى الرد يوصل. بس الأيام مرت وما اجا أي إشارة من يلي استلم. وأخيرًا، بعد مرور أسبوعين، وصلتنا برقية بتأكد استلام الدفاتر وبتشكرنا على المحتوى القيم. ,Syrian
 في أحد الأيام، وجد حسام أن الكاشفات الخلفية لسيارته لا تعمل. قرر أن يفحص المشكلة بنفسه قبل الذهاب إلى الورشة. بعد فحص دقيق، اكتشف أن هناك فقط مصباح محترق. استبدله حسام وعادت الكاشفات لتعمل بكفاءة. , بيوم من الأيام، حسام اكتشف إنو الإشارات الخلفية بالسيارة مو شغالة. قرر يتفقد العطل لحالو قبل ما يروح عالميكانيكي. بعد ما تفحص منيح، طلع إنو فيه مصباح محترق بس. غيرّو حسام وصارت الإشارات تشتغل منيح. ,Syrian
 ذهب يوسف إلى السوق ليشتري قفازات جلدية. وجد محلاً يعرض أنواعاً مختلفة وطلب من البائع أن يريه بعضها. جرب يوسف عدة قفازات حتى وجد الزوج المناسب. شعر بالرضا عندما اشترى القفازات الجلدية المثالية. , راح يوسف عالسوق يشتري قفازات جلد. لقى محل فيه أنواع كتير وطلب من البياع يورجيه شوي منن. جرب يوسف كزا زوج لقى اللي بيناسبو. انبسط كتير لما اشترى القفازات الجلدية يلي بتناسبو. ,Syrian
 لقد تعطلت العربة في طريق ناء. استدعى أحمد الميكانيكي على الفور. وصل الميكانيكي بأدواته وبدأ بالعمل. بعد ساعة، عادت العربة للعمل مجدداً. , السيارة عطلت بطريق بعيد. أحمد اتصل على الميكانيكي على طول. الميكانيكي وصل بأدواته وابتدا يشتغل. بعد ساعة، السيارة صارت تشتغل من جديد. ,Syrian
 في يوم من الأيام كان هناك طفل يدعى يوسف يبلغ من العمر ست سنوات، كان يحب القراءة كثيرًا. ذهب يوسف مع والدته إلى المكتبة ليختار كتابًا مصورًا. وجد كتابًا عن المغامرات الفضائية وأحبه من النظرة الأولى. أصبحت قصص الفضاء موضوعه المفضل وكان يحلم بأن يصبح رائد فضاء. , بيوم من الأيام كان في ولد اسمو يوسف عمرو ست سنين، كتير بحب يقرأ. يوسف راح مع أمو عالمكتبة ليختار كتاب ملون. لقى كتاب عن المغامرات الكونية وحبه كتير من أول نظرة. صارت حكايات الفضاء هي الموضوع يلي بيحبه أكتر شي وصار يحلم إنو يصير رائد فضاء. ,Syrian
 طلب أحمد من جاره محمود أن يحفظ له أشيائه الثمينة أثناء سفره. وافق محمود على ذلك بكل سرور واعدًا بأن يعتني بها كأنها له. لكن عندما عاد أحمد، وجد أن جاره قد انتقل إلى مدينة أخرى. شعر أحمد بخيبة أمل كبيرة، لكنه تعلم درسًا قيمًا عن الثقة. , طلب أحمد من جارو محمود يحفظلو أغراضو الغالية لما يكون مسافر. محمود وافق وقالو بدي أعتني فيهن كأنهن إلي. بس لما رجع أحمد، شاف إنو محمود انتقل ع مدينة تانية. أحمد حس بخيبة أمل كبيرة، بس تعلم درس مهم عن الثقة. ,Syrian
 مرحباً هاري. أشكرك على دعوتك لنا. استقبل هاري الضيوف بحفاوة وأعد لهم مأدبة طعام شهية. تبادل الجميع الأحاديث والذكريات، وكان الجو مليئًا بالضحك والسرور. في نهاية الليل، شكر الضيوف هاري على كرمه ووعدوا بتكرار الزيارة. , أهلين هاري. شكراً على دعوتك إلنا. هاري استقبل الضيوف بكل حب وحضرلهم عزيمة أكل طيبة. الكل صاروا يحكوا ويتذكروا أيام زمان، والضحك عمّر المكان. بآخر الليل، الضيوف شكروا هاري على كرمو ووعدوا يعيدوا الزيارة. ,Syrian
 ذهب ماجد إلى المطعم الفرنسي الفاخر وطلب من النادل توصية لنوع نبيذ أبيض يتماشى مع وجبته. حسناً، أود أن أجرب النبيذ الأبيض، قال ماجد وهو يشير إلى القائمة. بعد أن تذوق النبيذ، وجد أن مذاقه رائع ويكمل الطعام بشكل مثالي. انتهى العشاء وماجد شعر بالسعادة من تجربته الجديدة وقرر أن يزور المطعم مرة أخرى. , ماجد راح على مطعم فرنسي فخم وسأل النادل ينصحو بنوع نبيذ أبيض يتناسب مع أكلتو. منيح، بدي جرب النبيذ الأبيض، قال ماجد وهو عم يشاور على الليستة. لما ذاق النبيذ، لقى طعمو حلو ومتناسق مع الأكل بشكل كتير منيح. العشا خلص وماجد حس بفرح كبير من هالتجربة الجديدة وقرر يزور المطعم مرة تانية. ,Syrian
 في ليلة مظلمة، قرر مجموعة من الأصدقاء زيارة السينما لمشاهدة فيلم رعب جديد. وبينما هم جالسون ينتظرون بدء العرض، شعروا بأجواء غامضة تحيط بهم. إنهم في السينما حتى وقتنا هذا، يندمجون مع أحداث الفيلم المثيرة. وبعد انتهاء الفيلم، خرجوا وهم يتحدثون عن مدى روعته ويخططون لزيارة أخرى. , بليلة ظلمة، قرر مجموعة من الرفقات يروحوا عالسينما ليشوفوا فيلم رعب جديد. وهنن قاعدين عم يستنوا الفيلم يبلش، حسوا بجو غريب من حولن. هنن لهلق بالسينما، مندمجين مع أحداث الفيلم المشوقة. وبعد ما خلص الفيلم، طلعوا عم يحكوا عن اديش كان الفيلم حلو وعم يخططوا لزيارة تانية. ,Syrian
 في يومٍ مشمس، وجد علي حقيبةً في الطريق وبداخلها مبلغ كبير من المال. شعر بالحيرة فيما يجب أن يفعل، ولكن قرر في النهاية أن يبحث عن صاحب الحقيبة. بعد أيام من البحث، عثر علي على صاحب الحقيبة الذي كان يبحث عنها بقلق. سلمها له، وكان صاحبها ممتناً جداً لأمانته، وأخبره أن بها حوالي ألف دولار. , بنهار مشمس، لقى علي شنتة على الطريق فيها مصاري كتير. حس بحيرة شو يعمل، بس قرر يدور عاللي ضايعة منو الشنتة. بعد يومين من البحث، لقى صاحب الشنتة يلي كان عم يدور عليها بقلق. أعطاه الشنتة، وصاحبها امتن لأمانتو وقلو إنو فيها حوالي ألف دولار. ,Syrian
 في يومٍ مشمسٍ، قرر أحمد الذهاب في نزهة إلى الغابة. وبينما هو يمشي، تعثر بجذر شجرة وسقط أرضاً، وهنا أدرك أن خطأه كان عدم الانتباه للطريق. وقف ونفض الغبار عن ملابسه، وابتسم متقبلاً الدرس الذي تعلمه. , بيوم مشمس، أحمد قرر يروح على نزهة بالغابة. وهو عم يمشي، تعثر بجذر شجرة وطاح على الأرض، وهون عرف إنو الغلط كان منو لأنو ما كان عم ينتبه للطريق. قام ونفض التراب عن هدومو، وابتسم متقبل العبرة يلي تعلمها. ,Syrian
 وجد محمود نفسه بحاجة لمشابك الغسيل بعد أن تساقطت الأمطار. فقد كان ينشر الغسيل في الخارج ولم يتوقع هطول الأمطار. أسرع في جمع الملابس المبتلة ولكنه اكتشف أن المشابك لم تعد كافية. توجه إلى السوق لشراء مشابك جديدة ليتمكن من نشر الغسيل مجدداً. , محمود لقى حالو محتاج لمشابك الغسيل بعد ما المطر نزل. كان منشر الغسيل برا وما كان متوقع ينزل مطر. عجل يلم الهدوم يلي تبللت بس اكتشف إنو المشابك مو كافية. راح عالسوق يشتري مشابك جديدة ليقدر ينشر الغسيل من جديد. ,Syrian
" في أحد الأيام، سأل محمد صديقه أحمد عن مصدر الأقراص المدمجة التي يبيعها في متجره. فأجاب أحمد بابتسامة، ""هذه الأقراص مستوردة من بلدان عديدة لضمان جودة عالية."" ثم تحدثا عن كيفية تأثير الجودة على رضا الزبائن. وفي النهاية، قرر محمد أن يطلب دفعة من الأقراص المدمجة لمتجره. "," بيوم من الأيام، محمد سأل رفيقو أحمد عن وين جاب السي ديهات اللي عم يبيعهن بمحلو. أحمد ابتسم وقال، ""هدول السي ديهات منستوردهن من أكتر من بلد لنضمن جودة عالية."" بعدين تناقشوا عن كيف الجودة بتأثر على رضا الزبائن. وبالأخير، قرر محمد يطلب دفعة من السي ديهات لمحلو. ",Syrian
 قرر أحمد أن يدرس المحادثة بالإنجليزية لتحسين لغته. انضم إلى دورة مكثفة وبدأ يمارس يوميًا مع زملائه. شعر بتحسن كبير في قدرته على التواصل. بعد عدة أشهر، أصبح قادرًا على إجراء محادثات معقدة بطلاقة. , أحمد قرر يتعلم الحكي بالإنجليزي ليحسن لغتو. اشترك بدورة مكثفة وصار يتمرن كل يوم مع أصحابو. حس بتحسن كتير بقدرتو على الاتصال. بعد شي شهور، صار قادر يعمل نقاشات معقدة بالإنجليزي بطلاقة. ,Syrian
 لقد قرأت مؤخرًا كتابًا يتحدث عن الشجاعة والإصرار. كانت الشخصية الرئيسية فتاة تواجه تحديات كثيرة ولكنها لم تستسلم أبدًا. في كل مرة تسقط، تنهض أقوى مما كانت عليه. الكتاب علمني أن الإرادة يمكن أن تغير الواقع. , قريت مؤخراً كتاب عن الشجاعة والإصرار. الشخصية الرئيسية كانت صبية بتواجه تحديات كتيرة بس ما استسلمت. كل مرة بتوقع، بتقوم أقوى من اللي قبل. الكتاب علمني إنو الإرادة بتقدر تغيّر الواقع. ,Syrian
 سافر أحمد إلى نيويورك ليبدأ عملاً جديداً، وقرر أن يقيم مع صديق قديم هناك. خلال إقامته، تعرف على ثقافة المدينة الفريدة وأصبح يحب الحياة فيها. عمل جاهداً وأصبح معروفاً في مجاله. ومع الوقت، استطاع أن يحصل على شقة خاصة به في قلب المدينة. , أحمد سافر لنيويورك ليبلش شغل جديد، واتفق يقعد عند صاحبو القديم. وهوي ساكن، تعرف عالثقافة الفريدة تبعت المدينة وصار يحب العيشة فيها. اشتغل بجهد وصار مشهور بمجالو. ومع الزمن، قدر يشتري شقة بقلب المدينة. ,Syrian
 إذا سأل أحد عني فأخبره بأني سوف أكون بالمقهى. ذهبت إلى المقهى المعتاد لأقابل صديقا قديما. جلست أنتظره وسط رائحة القهوة العربية الزكية. ولكن مرت الساعات ولم يأت صديقي كما وعد. في النهاية، قررت أن أغادر وأنا أشعر بخيبة أمل. , إذا حدا سأل عني قللو رح كون بالقهوة. رحت عالقهوة يللي دايماً بروحها لأشوف صديق قديم. قعدت استناه وسط ريحة القهوة العربية الحلوة. بس الساعات مرقت وما إجا صاحبي متل ما وعد. بالآخر قررت إني طلع وأنا مو مبسوط. ,Syrian
 أنا متأكد أني وضعتها بالجيب الداخلي للمعطف. ولكن عندما بحثت عنها، لم أجدها. شعرت بالقلق وبدأت بالبحث في كل مكان. وفي النهاية، وجدتها تحت الكرسي. , أنا متأكد إني حطيتا بالجيب الداخلي تبع المعطف. بس لما دورت عليها، ما لقيتها. صرت قلقان وبلشت دور بكل محل. وبالآخر، لقيتها تحت الكرسي. ,Syrian
" وجد أحمد نفسه في مدينة جديدة، وكان يحمل أمتعة ثقيلة. سأل أحمد الحارس: ""هل عندك مكان من الممكن أن أترك فيه أمتعتي؟"" فأشار الحارس إلى غرفة صغيرة خصصت لتخزين الأمتعة. شعر أحمد بارتياح كبير عندما ترك حقائبه وبدأ يستكشف المدينة بحرية. "," لقي أحمد حالو بمدينة جديدة وعم يشيل شناتي تقيلة. سأل البواب: ""في محل عندكن بقدر اترك فيه شناتي؟"" البواب أشرلو على غرفة صغيرة لحفظ الأمتعة. أحمد ارتاح كتير لما ترك حقائبو وصار يتجول بالمدينة من دون شي يثقلو. ",Syrian
 جئت إلى المدينة لأنجز مهمة مهمة. في أثناء تجولي، صادفت رجلاً يحتاج المساعدة. قررت أن أقدم له يد العون، فتأخرت عن عملي. في النهاية، كانت المساعدة التي قدمتها أهم من العمل الذي أتيت لأجله. , جيت عالمدينة لحتى أخلص مهمة مهمة. وأنا عم شمر، صادفت رجال بحاجة لمساعدة. قررت ساعدو، وبالتالي تأخرت عن شغلي. بالآخر، كانت المساعدة يلي قدمتها أهم من الشغل يلي جيت لأجلو. ,Syrian
 كان أحمد يبحث عن مدرسة غوص ليتعلم فيها. وجد واحدة مشهورة بمدربيها الماهرين وسجل فيها. تعلم الغوص بسرعة وأصبح من الغواصين المحترفين. الآن يعمل مدربًا في نفس المدرسة ليعلم الآخرين. , أحمد كان عم يدور على مدرسة غوص ليتعلم فيها. لقى وحدة معروفة بمدربينها الماهرين وسجل فيها. بسرعة تعلم الغوص وصار من الغواصين المحترفين. هلأ صار يشتغل مدرب بنفس المدرسة ليعلم الآخرين. ,Syrian
" في أحد الأسواق الصاخبة، سأل خالد البائع: ""كم يكون السعر شاملاً الضرائب؟"" فأجابه البائع بابتسامة: ""السعر مع الضرائب سيكون مائة ريال."" شعر خالد بالرضا لأن السعر كان مناسباً، فقرر شراء القطعة على الفور. وبذلك، غادر خالد السوق وهو يحمل مشترياته، مسروراً بتجربة الشراء الناجحة. "," بسوق مزدحم كتير، خالد سأل البيّاع: ""أديش بيصير السعر مع الضرايب؟"" البيّاع ابتسم وقلو: ""السعر مع الضرايب رح يكون مية ليرة."" خالد حس بالرضا لأنو السعر كان مناسب، فقرر يشتري القطعة عطول. وهيك، طلع خالد من السوق مبسوط ومعو أغراضو، مبسوط بتجربة الشراء الناجحة. ",Syrian
" في أحد الأيام، كان هناك رجل يأكل الشاورما بشهية كبيرة. وبينما هو منهمك في الأكل، سقطت قطعة من اللحم على قميصه الأبيض. صاح بدهشة وإزعاج: ""أعطني بعض المناديل الورقية!"" فأسرع النادل ليساعده، وابتسم الجميع لطرافة الموقف. "," بيوم من الأيام، كان في شخص عم ياكل شاورما بنهم كتير. وهوي عم يستمتع بالأكل، طاحت قطعة لحمة على قميصو الأبيض. صرخ مستغرب ومعصّب: ""عطيني شوي مناديل ورق!"" الجرسون اندفع يساعدو، والكل ضحكو عالموقف. ",Syrian
 في الشقة المجاورة، يعيش شاب يحب الاستمتاع بوقته مع أصدقائه. كان دائمًا يقيم الحفلات التي تستمر حتى الصباح. أزعجت الضوضاء الدائمة الجيران الهادئين. في النهاية، قرروا التحدث معه وتوصلوا إلى حل يرضي الجميع. , بالشقة يلي جنبنا، في شاب بيحب يقضي وقتو مع أصحابو. دايماً بيعمل حفلات لتضل للصبح. الضوضا الكتيرة زعجت الجيران يلي بحبو الهدوء. بالآخر، قرروا يحكو معو ولقو حل يرضي الكل. ,Syrian
 نعم ، دكتور كريبس لا يفحص أي مريض بدون موعد مسبق. في يوم من الأيام، حاول مريض الدخول بدون موعد، لكن الدكتور رفض. شعر المريض باليأس وجلس خارج العيادة ينتظر. بعد ساعات، شعر الدكتور بالرحمة وقرر فحص المريض. , أي، دكتور كريبس ما بيكشف أي مريض بدون موعد مسبق. بيوم من الأيام، حاول مريض يدخل من دون موعد، بس الدكتور رفض. المريض حس باليأس وقعد برا العيادة ينطر. بعد ساعات، الدكتور تعاطف معو وقرر يفحصو. ,Syrian
 هل يمكن أن تخبرين باسم ورقم الطرف الذي تريد الاتصال به؟، فقد كانت ريم تحاول الوصول إلى صديقتها القديمة ليلى ولكنها نسيت رقمها. بحثت في دفتر عناوينها القديم دون جدوى، فقررت الاستعانة بخدمة الاستعلامات الهاتفية. استجابت الموظفة على الطرف الآخر بكل أدب وقدمت لها المعلومات اللازمة. وبفضل هذه المساعدة، تمكنت ريم أخيرًا من الاتصال بليلى واستعادتا ذكريات الأيام الجميلة التي قضتاها معًا. , شو اسم ورقم الشخص يلي عم تحاولي تتصلي فيو؟، ريم كانت عم تحاول توصل لصاحبتها القديمة ليلى بس ناسية رقمها. دورت بالدفتر القديم ما لقتو، قررت تستعين بخدمة الاستعلامات الهاتفية. الموظفة على الطرف التاني كانت مؤدبة وعطتها المعلومات اللازمة، ومن خلال هالمساعدة، ريم قدرت أخيراً تتصل بليلى ورجعو يتذكرو أيامهم الحلوة يلي عاشوها سوى. ,Syrian
" هل هذه هدية؟ سأل الطفل والده بفضول شديد. ابتسم الأب وأعطاه الصندوق الصغير، ""نعم يا بُني، هذه لك"". فتح الطفل الهدية بحماس ليجد داخلها ساعة جميلة. شعر بسعادة غامرة وعانق والده بحب. "," هي هدية؟ سأل الصبي أبوه بفضول كتير. الأب ابتسم وأعطاه العلبة الصغيرة، ""أي نعم يا ابني، هي لإلك"". الصبي فتح الهدية بحماسة وشاف جواتها ساعة حلوة. حس بفرح كبير وضم أبوه بحب. ",Syrian
