MSA,Lebanese,lang
 إنها في أخر القاعة . سوف آتي لك ببعض منها الآن . إذا أردت أي شيئاً آخر فقط أعلمني . وعندما عادت، وجدته قد غادر دون أن يودع. شعرت بالحيرة والقلق، فقد كانت تحمل له هديته المفضلة. بدأت تبحث عنه في كل أنحاء المبنى، تنادي اسمه بصوت عالٍ. وأخيرًا، وجدته في الحديقة ينظر إلى النجوم، فابتسمت وقدمت له الهدية. , هيي بآخر الصالة. رح جيبلك شوي منها هلق. إذا بدك شي تاني بس خبرني. ولما رجعت، لقتو ترك المكان من دون ما يودعها. حست بحيرة وقلق، كانت جايبتلو هديتو يللي بيحبا. بلشت تدور عليه بكل أنحاء البناية، بتنادي ع اسمو بصوت عالي. وأخيرًا، لقتو بالحديقة عم يطلع عالنجوم، ابتسمت وعطتو الهدية. ,Lebanese
" في أحد الأيام، كان هناك رجل يعمل في النجارة يسمى أحمد. كان دائمًا يسأل زبائنه ""هل تقومون بعمل تعديلات؟"" ليتأكد من رضاهم عن العمل. في إحدى المرات، أتى زبون طلب تعديل طاولة لتناسب تصميم منزله الجديد. أحمد عمل بجد على التعديل وفي النهاية، أبدى الزبون امتنانه لمهارة أحمد ودقته. "," في يوم من الأيام، كان في رجل نجار اسمو أحمد. دايمًا كان يسأل زباينو ""هل تقومون بعمل تعديلات؟"" ليتأكد إنو راضيين عن الشغل. مرة واحدة، إجا زبون طلب تعديل على طاولة لتناسب بيتو الجديد. أحمد عمل بكل جهده على التعديل وبالنهاية، الزبون عبر عن امتنانو لمهارة أحمد ودقتو. ",Lebanese
 في أحد المطاعم الفاخرة، طلب أحمد وأسرته نريد مائدة بجانب النافذة ليتمتعوا بالمنظر الخلاب. بعد أن جلسوا، بدأت الأسرة بتقديم طلباتهم من قائمة الطعام. أثناء تناولهم الطعام، مرت مجموعة من الطيور الجميلة أمام النافذة، فأضافت جوًا من البهجة على وجبتهم. انتهوا من الأكل وشعروا بالرضا عن تجربتهم الرائعة في هذا المكان. , بواحد من المطاعم الفخمة، أحمد وعيلتو طلبوا منحبا طاولة جنب الشباك ليتمتعوا بالمنظر الحلو. بعد ما قعدوا، العيلة بلشت تطلب طلباتها من قائمة الأكل. وهنن عم ياكلو، مرقت مجموعة من العصافير الحلوة قدام الشباك، وزادت الأجواء فرح. خلصوا الأكل وحسوا برضا كبير عن التجربة المميزة يلي عاشوها بهيدا المكان. ,Lebanese
 هناك، أمام بيت السائح تماما، وقف قط أسود ينظر إليه بفضول. عندما فتح السائح الباب، دخل القط دون تردد. وجد السائح نفسه يبتسم، فقد رأى في عيني القط قصة مغامرات لم تُروَ بعد. ومع مرور الأيام، أصبح القط رفيقه في كل رحلاته ومغامراته. , هونيك، قدام بيت السائح بالزبط، وقف قط أسود عم يطلع فيه بفضول. لما السائح فتح الباب، القط دخل من دون ما يتردد. السائح لاقى حالو عم يبتسم، لأنو شاف بعيون القط حكايات مغامرات ما حدا حكاها لهلق. ومع مرور الأيام، صار القط رفيقو بكل سفراتو ومغمراتو. ,Lebanese
 لم أسمع بهذا العنوان من قبل بالقرب من هنا. سألت الناس في الحي عنه لكن لا أحد يعرفه. قررت البحث عنه في الخرائط القديمة بالمكتبة. وأخيراً، وجدت العنوان مخفياً في إحدى الكتب النادرة. , ما سمعت بهيدا العنوان من قبل قريب من هون. سألت الناس بالحي عنو بس ما حدا عرفو. قررت دور عليه بالخرائط القديمة بالمكتبة. وأخيراً، لقيت العنوان مخبى بوحدة من الكتب النادرة. ,Lebanese
 استمر في السير في هذا الطريق حتى تجد صيدلية. عندما وصل إلى الصيدلية، اكتشف أنها مغلقة. شعر بالإحباط لكنه قرر أن ينتظر. بعد ساعة، فتح الصيدلي الباب واستطاع أن يشتري الدواء. , كمل مشي ع هالطريق لحتى تلاقي صيدلية. لما وصل عالصيدلية، اكتشف إنها مسكرة. حس بالتعب بس قرر يصبر شوي. بعد ساعة، الصيدلي فتح وقدر يشتري الدوا. ,Lebanese
 في أحد أيام الربيع، لاحظت ليلى أن اللون الأخضر بدأ يظهر في كل مكان. قررت أن تشتري فستانًا جديدًا بنفس اللون لتواكب الموضة. وعندما ارتدته في الحفل، لفتت الأنظار إليها بجمالها. ومن ذلك اليوم، أصبح اللون الأخضر لونها المفضل في كل المواسم. , بيوم من أيام الربيع، ليلى لاحظت إنو اللون الأخضر صار موجود بكل محل. قررت تشتري فستان جديد بهاللون لتكون مع الموضة. ولما لبستو بالحفلة، كل الأنظار تحولت عليها من ورا جمالا. ومن هيديك النهارة، الأخضر صار لونا المفضل بكل الفصول. ,Lebanese
 كان خالد يسافر كثيرًا بسبب طبيعة عمله في التجارة الدولية. في إحدى رحلاته، التقى بتاجر من بلد آخر وأصبحا صديقين. في حالتي، غالبًا ما يكون من أجل العمل ونادرًا ما يكون للاستمتاع. لكن هذه المرة، قرر خالد أن يأخذ يومًا للتجول واكتشاف المدينة مع صديقه الجديد. , خالد كان دايمًا عم يسافر كتير بسبب شغله بالتجارة الدولية. بواحدة من سفراتو، تعرف على تاجر من بلد تاني وصاروا أصحاب. بحالتي، أكتر شي بسافر للشغل وقليل للمتعة. بس هالمرة، خالد قرر يخد يوم يتمشى ويستكشف المدينة مع صديقو الجديد. ,Lebanese
 سأقيم لمدة يومين في بيت جدي القديم. وجدت هناك صندوقاً مليئاً بالذكريات. قضيت الساعات أتصفح الصور والرسائل. شعرت بحنين عميق للأيام التي مضت. , رح قعد يومين ببيت جدي القديم. لقيت هونيك صندوق مليان بالذكريات. قضيت ساعات عم بتصفح الصور والرسايل. حسيت بحنين كتير لأيام ما مضت. ,Lebanese
 أرادت ليلى تمويج شعرها بشكل متقارب، فقررت زيارة صالون التجميل المشهور في المدينة. عند وصولها، شرحت للمصففة بالضبط ما تريده. بعد ساعات من العمل، نظرت في المرآة فأعجبها شكل شعرها الجديد. شعرت بالثقة والسعادة، وأصبحت محط الأنظار في كل مكان تذهب إليه. , ليلى بدها تعمل شعرها كيرلي قريب لبعض، فقررت تزور صالون التجميل يلي معروف بالمدينة. لما وصلت، حكت للمصففة شو بدها بالضبط. بعد ساعات من الشغل، طلت بالمراية وعجبها كتير شكل شعرها الجديد. حست بثقة وفرح كبير، وصارت مركز إهتمام وين ما راحت. ,Lebanese
" في يوم مشمس، قرر أحمد وعائلته الذهاب في رحلة إلى البحر. قبل الرحلة بأسبوع، قال أحمد ""أريد حجز غرفتين مزدوجتين"". وجد فندقًا جميلًا يطل على الشاطئ وقام بالحجز. استمتعت العائلة بوقتها، وكانت الإجازة ناجحة. "," بيوم مشمس، أحمد وعيلتو قرروا يروحوا ع رحلة عالبحر. قبل الرحلة بأسبوع، قال أحمد ""بدي حجز غرفتين مزدوجتين"". لقى فندق حلو كتير عالبحر وعمل الحجز. العيلة استمتعوا كتير بوقتن، وكانت العطلة ناجحة. ",Lebanese
 كانت هناك شجرة عملاقة أمام منزل أحمد، وكان يحب الجلوس تحت ظلها كل يوم. لا أريد إزالتها، فهي تحميني من حر الصيف وتمنحني الهواء النقي. جاءت البلدية لإزالة الشجرة بحجة توسعة الطريق، لكن أحمد تصدى لهم بكل قوة. وفي النهاية، نجح في إقناعهم بتغيير مسار الطريق والحفاظ على الشجرة. , كان في شجرة كبيرة قدام بيت أحمد، وكان بحب يقعد تحت ظلها كل يوم. ما بدي شيلها، هيي بتحميني من حر الصيف وبتعطيني هوا نضيف. البلدية جت لتشيل الشجرة على أساس يوسعوا الطريق، بس أحمد وقف بوجهن بكل قوتو. وبالنهاية، قدر يقنعن يغيروا مسار الطريق ويحافظوا عالشجرة. ,Lebanese
" في أحد الأيام، سأل رجل عجوز عن محطة الحافلة. ""هل هذه الحافلة تتوقف في شارع أستونر؟""، سأل السائق. أومأ السائق برأسه مؤكدًا، ودعا الرجل للصعود. شكر الرجل السائق وجلس ينتظر، متأملاً المناظر الجميلة من النافذة. "," بيوم من الأيام، رجل عجوز سأل عن محطة الباص. ""هيدا الباص بيوقف بشارع أستونر؟""، سأل السائق. السائق أشر براسو إيه وطلب منو يركب. العجوز شكر السائق وقعد يستنى، مستمتع بالمناظر الحلوة من الشباك. ",Lebanese
 من فضلك افتح فمك على مداه. قال الطبيب ذلك بينما كان يحضر أدواته للفحص. شعر الطفل بالقلق ولكنه أطاع الأمر. بعد الفحص، ابتسم الطبيب مطمئنًا الطفل بأن كل شيء على ما يرام. , من فضلك افتح تمك على قد ما فيك. الدكتور قال هيك وهو عم بيجهز أدواتو للفحص. الصبي حس بخوف بس طاع الأمر. بعد الفحص، الدكتور ابتسم وطمّن الولد إنو كل شي تمام. ,Lebanese
 كان هناك رجل جائع يسأل عن سعر وجبة الإفطار. فأخبره النادل أن الإفطار يكلف عشرة دنانير. شعر الرجل بالسعادة لأن السعر كان في متناوله. وبعد الإفطار، شكر الرجل النادل وانصرف وهو يشعر بالرضا. , في واحد جوعان سأل عن قيمة الفطور. الجرسون قللو إنو الفطور بعشرة ليرات. الرجال إنبسط لأنو السعر كان منيح الو. وبعد ما فطر، شكر الرجال الجرسون وراح مبسوط. ,Lebanese
" كان هناك شاب يعمل في مكتب الاستعلامات. جاءت سيدة تبدو محتارة فسألها: ""كيف أستطيع مساعدتك؟"" فأجابت السيدة بأنها تبحث عن مكتب الضرائب. ابتسم الشاب وأرشدها إلى المكان المطلوب بكل أدب واحترام. "," كان في شاب عم يشتغل بمكتب الاستعلامات. وصلتلو مدام مبلشة فسألها: ""كيف فيي ساعدك؟"" السيدة جاوبته إنها عم تدور على مكتب الضرائب. الشاب ابتسم وورجاها على وين بكل أدب واحترام. ",Lebanese
 دعنا نأخذ قطعة لنأكلها. ذهب محمد وعلي إلى الحديقة واختارا أجمل تفاحة. قسماها بينهما واستمتعا بطعمها اللذيذ. جلسا تحت الشجرة يتحدثان عن أحلامهم. وتمنيا لو أن كل يوم يمكن أن يكون بهذه البساطة والسعادة. , يلا ناخد قطعة ناكلها. محمد وعلي راحوا عالحديقة واختاروا أطيب تفاحة. قسموها مع بعض واستمتعوا بطعمتها الطيبة. قعدوا تحت الشجرة يحكوا عن أحلامن. وتمنوا لو كل يوم يقدر يكون بهل البساطة والسعادة. ,Lebanese
 في يوم مشمس، قرر خالد الخروج للتنزه في المدينة. اتجه يسارًا عند الناصية الثالثة حيث وجد متجرًا قديمًا لبيع الكتب. دخل المتجر وقضى ساعات يتصفح الكتب النادرة. وفي النهاية، اشترى كتابًا قديمًا يحكي عن تاريخ المدينة. , بيوم مشمس، خالد قرر يطلع يتمشى بالمدينة. مشى عاليسار عند الزاوية التالتة ولقى دكان كتب قديم. دخل عالدكان وضلّ يتفرج عالكتب العتيقة لساعات. وبالآخر، اشترى كتاب قديم بيحكي عن تاريخ المدينة. ,Lebanese
" لم يكن لدى أحمد غير قميص واحد للحفل، فسأل والدته: ""هل لك أن تقوم بتنظيف هذه الملابس؟"" وافقت والدته بحنان وأخذت الملابس لتنظفها. بعد ساعات، عادت الملابس ناصعة كأنها جديدة. شعر أحمد بالامتنان ووعد بأن يعتني بملابسه أكثر في المستقبل. "," أحمد ما كان عندو غير قميص واحد للعرس، فسأل أمه: ""فيكي تنظفيلي هالثياب؟"" أمه وافقت بحنان وأخدت الثياب تنظفهن. بعد شي ساعات، رجعت الثياب ناصعة كأنها جديدة. أحمد حس بالامتنان ووعد إنو رح يهتم بثيابو أكتر بالمستقبل. ",Lebanese
 في يوم مشمس، قرر أحمد أن يبحث عن صديق قديم. وجد في دفتره العنوان ورقم الهاتف الذي كان يبحث عنه. لم يتردد في الاتصال وسأل إن كان بإمكانه زيارته، فأعطيك رقم تليفونه وعنوانه. وعندما التقيا، أمضيا وقتًا ممتعًا يستعيدان ذكريات الماضي. , بيوم مشمس حلو، أحمد قرر يدور على صاحبو القديم. لقى بمفكرتو العنوان ورقم التلفون يللي كان عم يدور عليه. ما تردد واتصل فيه وسألو إذا بيقدر يزورو، وعطاه رقم تليفونو وعنوانو. ولما التقوا، قضوا وقت حلو بيسترجعوا ذكريات الماضي. ,Lebanese
 لقد قمت بتسديد ثمن الوجبات ورسوم الفندق مقدماً. وعند وصولي إلى الفندق، استقبلني الموظفون بحفاوة بالغة. أخذت مفتاح غرفتي وصعدت إلى الطابق الخامس حيث الإطلالة الساحرة على البحر. قضيت وقتاً ممتعاً في الفندق حيث الخدمات المتميزة والجو الودي. , دفعت مصاري الأكل والفندق مقدماً. ولما وصلت عالفندق، العالم هنيك استقبلوني بكتير ترحاب. أخدت مفتاح غرفتي وطلعت عالطابق الخامس يللي فيه منظر رائع للبحر. قضيت وقت حلو بالفندق مع خدمة ممتازة وجو حلو. ,Lebanese
 في يوم مشمس، قرر محمد أن يبحث عن مطعم للمشويات يحظى بشعبية كبيرة. وبينما هو يتجول في الشوارع، التقى صديقه أحمد الذي أوصى بمطعم ممتاز. أخرج محمد هاتفه وبدأ يبحث عن المطعم على الخريطة. وجد المطعم بسهولة وتمتع بوجبة لذيذة لم ينساها أبدًا. , بيوم مشمس، محمد قرر يدور على مطعم شوي معروف والناس بتحبو كتير. وهوي عم يتمشى بالشوارع، صادف صاحبو أحمد يللي نصحو بمطعم كتير منيح. محمد طلع موبايلو وبلش يدور عالمطعم عالخريطة. لقى المطعم بسرعة واستمتع بأكلة طيبة ما رح ينساها أبدا. ,Lebanese
 كان أحمد قد اشترى مزهرية جميلة ليزين بها منزله. لكن بينما كان يحاول ترتيبها على الرف، اختل توازنه وتسبب في سقوطها. أنت تقوم بكسرها، فأنت الذي اشتريتها، قالت زوجته وهي تنظر إلى القطع المتناثرة. شعر أحمد بالحزن لفقدان الجمال الذي كانت تضفيه المزهرية على المكان. , أحمد شرا مزهرية حلوة ليزين فيها البيت. بس وهوي عم يحاول يحطا عالرف، ضلع توازنو وصارت تتكسر. إنت يللي كسرتا، إنت يللي اشتريتا، قالت مرتو وهيي عم تطلع عالقطع المتبعثرة. حس أحمد بالحزن لأنو الجمال يللي كانت المزهرية عم تضيفو للمكان راح. ,Lebanese
 سوف أخبرها بأن تتصل بك بمجرد أن تصل. وبالفعل، بعد وصولها مباشرة، رنّ هاتفك. كان صوتها مليئًا بالحماس عندما أخبرتك عن الأخبار السارة. اتفقتما على الاحتفال بالمناسبة السعيدة مساءً. , رح قلّها تتصل فيك أول ما توصل. وفعلًا، ما وصلت على طول، رنّ جوالك. سمعت صوتها مبسوطة وعم تحكيلك عن الخبر الحلو. واتفقتو تعملو عشا للاحتفال بالليل. ,Lebanese
 جاد حب دائمًا أن يضع قشدة وسكر في قهوته. ذات صباح، وجد أن القشدة قد نفدت. ذهب إلى السوق ليشتري بعضها، وفي طريقه التقى بأصدقاء قدامى. تحدثوا وضحكوا، ونسي جاد شراء القشدة تمامًا. , جاد بحب دايمًا يضيف قشطة وسكر على قهوتو. بصباح يوم، لقى إنو القشطة خلصت. راح عالسوق يشتري كمان، وبالطريق التقى بأصحاب قدام. حكوا وضحكوا، وجاد نسي يشتري القشطة نهائيًا. ,Lebanese
 ذهبت فاطمة للعب الكرة مع أصدقائها. لقد أصيبت إصابة بالغة أثناء اللعب. نقلها الجميع على الفور إلى المستشفى. بعد العلاج، تمكنت من الشفاء بسرعة. , فاطمة راحت تلعب كرة مع رفقاتها. أصيبت بإصابة خطيرة وهيي عم تلعب. على طول نقلوها عالمستشفى كلن. بعد العلاج، فلّت بسرعة. ,Lebanese
 كان هناك رجل يدعى أحمد كان يبحث عن قداحة لإشعال شمعة في ليلة مظلمة. وجد أحمد قداحة مرمية على الأرض بجانب متجر صغير. بعد أن أشعل الشمعة، أدرك أحمد أن الضوء يجلب الأمل في أحلك الأوقات. ومنذ تلك اللحظة، أصبح يحتفظ دائماً بقداحة في جيبه ليكون مستعدًا لأي ظرف. , كان في واحد اسمو أحمد كان عم يدور ع ولاعة ليولع شمعة بليلة ظلمة. لقى أحمد الولاعة مرمية عالأرض حد محل صغير. بعد ما ولّع الشمعة، اكتشف أحمد إنو الضو بيجيب الأمل بأصعب الأوقات. ومن ديك اللحظة، صار دايمًا يحمل ولاعة بجيبو ليكون جاهز لأي ظرف. ,Lebanese
 في يوم من الأيام، سأل رجل أعمال عن تجهيزات المؤتمرات في فندق معين. فأجابه الموظف بكل فخر أن الفندق مزود بأحدث التقنيات. قرر الرجل إقامة مؤتمره الدولي هناك. وفي النهاية، كان المؤتمر نجاحاً باهراً وأثنى الجميع على التنظيم والتجهيزات. , في يوم من الأيام، رجل أعمال سأل عن معدات المؤتمرات بالفندق. الموظف جاوبو بفخر إنو الفندق مجهز بأحدث الأنظمة. الرجل قرر يعقد مؤتمره الدولي هونيك. وبالنهاية، المؤتمر كان ناجح كتير والكل مدح التنظيم والمعدات. ,Lebanese
" في أحد الأيام، سأل خالد صديقه عمر: ""هل من المناسب أن نتناول وجبة خفيفة؟"" فأجابه عمر بابتسامة: ""بالطبع، خصوصاً إذا كانت صحية."" ثم ذهبا معاً إلى المقهى المجاور وطلبا سلطة فواكه وعصير طازج. وبينما هما يتناولان وجبتهما، تبادلا الأحاديث والضحكات، فقد كان يوماً ممتعاً. "," بيوم من الأيام، خالد سأل رفيقو عمر: ""شو رأيك ناكل شي سناك خفيف هلق؟"" عمر ابتسم وقال: ""أكيد، خصوصاً إذا كان شي صحي."" وبعدين توجهوا سوا على الكافيه يلي جنبهم وطلبوا سلطة فواكه وعصير طازج. وهني عم ياكلو، حكو وضحكو مع بعض، وكان يوم حلو كتير. ",Lebanese
" في طريقه إلى المطار، شعر أحمد بالتوتر. عندما وصل، اتصل بصديقه قائلاً: ""أنا أتصل من المطار. سأصل هناك في حوالي الساعة الرابعة."" وجد صديقه في انتظاره بابتسامة دافئة. معاً، توجها نحو المغامرة الجديدة. "," أحمد كان متوتر وهوي عم بيروح ع المطار. وصل واتصل بصاحبو: ""أنا عم باتصل من المطار. رح وصل عندك تقريباً الساعة أربعة."" لقا صاحبو منطرلو بابتسامة حلوة. سوا، توجهوا للمغامرة يللي جايي. ",Lebanese
 كان أحمد يسافر من نيويورك إلى لوس أنجلوس، وكان عليه أن يغير رحلته في شيكاغو. عندما وصل إلى مطار شيكاغو، وجد صديقا قديما بالصدفة. قضيا معاً بعض الوقت في تبادل الأخبار والذكريات. وبعد ساعات قليلة، استقل أحمد الطائرة مجدداً متجهاً إلى وجهته النهائية. , كان أحمد عم يسافر من نيويورك للوس أنجلوس، ولازم يغير بشيكاغو. لما وصل ع مطار شيكاغو، صادف صديق قديم بالصدفة. قعدوا سوا شوي يحكوا عن الأخبار ويذكروا الذكريات. وبعد ساعات قليلة، ركب أحمد الطيارة من جديد متجه لمحطتو الأخيرة. ,Lebanese
 كان أحمد يريد إرسال خطاب مهم إلى صديقه في فرنسا. سأل الموظف في البريد عن تكلفة الإرسال المسجل. أخبره الموظف أن التكلفة ستكون عشرين ديناراً. دفع أحمد المبلغ وأرسل الخطاب، متمنياً أن يصل بسلام. , أحمد بدو يبعت رسالة مهمة لصاحبو بفرنسا. سأل الشب في البريد على كم بتكلف الإرسال المسجل. قلّو إنه بدو عشرين ليرة. دفع أحمد المصاري وبعت الرسالة، متمني توصل ع خير. ,Lebanese
 ذهب محمد إلى البنك ليصرف الشيك ذو المائتي دولار. واجه بعض التأخير بسبب الزحام الشديد. عندما جاء دوره، اكتشف أنه نسي بطاقته الشخصية في المنزل. اضطر للعودة دون أن يتمكن من صرف الشيك. , محمد راح عالبنك ليصرف شيكو يللي فيو ميةين دولار. صار فيه تأخير كبير من ورا الزحمة. يوم وصل دورو، طلع ناسي هويتو بالبيت. إضطر يرجع عالبيت من دون ما يقدر يصرف الشيك. ,Lebanese
 كان أحمد يقود السيارة في بلد أجنبي لأول مرة، ووجد صعوبة في التأقلم مع القيادة على الجانب الأيمن. شعر بالتوتر كلما اقتربت منه سيارة، خاصة عند المنعطفات. تدريجيًا، بدأ يعتاد على الأمر وأصبح أكثر ثقة. في النهاية، استمتع بتجربة القيادة الجديدة وتعلم الكثير منها. , أحمد كان عم يسوق السيارة ببلد غريب لأول مرة، وحس بصعوبة وهوي عم يتأقلم عالقيادة عالجهة اليمين. كان متوتر كل ما تقرب منّو سيارة، خصوصي عند المنعطفات. بالتدريج، صار يتعوّد عالوضع وصار أكتر ثقة بحالو. بالآخر، استمتع بتجربة السواقة الجديدة وتعلّم منها كتير. ,Lebanese
 كان الممثل رائعا بالفعل. لقد حظي بتصفيق حار من الجمهور بعد انتهاء العرض. وفي الكواليس، انهالت عليه التهاني من زملائه. شعر بالفخر لأنه أتقن دوره بكل احترافية. , الممثل كان رهيب حقيقي. الجمهور ضربلو تصفيق قوي لما خلص العرض. وورا الكواليس، زمايلو كلا باركولو. حس بفخر كبير لأنو أدا دورو بإحتراف. ,Lebanese
" كان يحيى دائماً يحلم بمغامرات خارقة ويتخيل نفسه بطلاً في عوالم موازية. في يوم من الأيام، سألته أمه بحنان: ""أين الجانب غير الخيالي في شخصيتك؟"". فكر يحيى طويلاً وقرر أن يجرب أنشطة جديدة وواقعية. بدأ بالتطوع في مأوى للحيوانات، وهناك اكتشف شغفه برعاية الآخرين. "," كان يحيى دايمًا عم يحلم بمغامرات خارقة ويتخيل حالو بطل بعوالم موازية. بيوم، سألتو إمو بحنية: ""وين الجانب الواقعي بشخصيتك؟"". يحيى فكر كتير وقرر يجرب نشاطات جديدة وواقعية. بلش يتطوع بمأوى الحيوانات، وهونيك اكتشف حبو لرعاية الأخرين. ",Lebanese
 إذا حدث ذلك، من فضلك أتصل بي. في اليوم التالي، حدث ما كان متوقعًا ورن هاتفي. كان صوتها متوترًا على الخط الآخر. أخبرتني بأن الوقت قد حان لنتحرك ونتخذ القرارات الصعبة. بعد الاتصال، جمعت أغراضي وتوجهت نحو المجهول. , إذا صار هيك، من فضلك إتصل فيي. تاني يوم، اللي كنت متوقع صار ورن تلفوني. صوتها كان متوتر عالخط التاني. قلتلي إنو وقت نتحرك وناخد القرارات الصعبة. بعد المكالمة، جمعت أغراضي وتوجهت للمجهول. ,Lebanese
" في يوم حار جداً، سأل راكب الحافلة السائق: ""هل يمكن أن تغير مقعدي من فضلك؟"" السائق، بلطف شديد، وافق وأوقف الحافلة ليساعده. وجد الراكب مقعداً بجانب النافذة وشعر بنسيم بارد. شكر الراكب السائق واستمتع برحلته الباقية بسلام وهدوء. "," بنهار حار كتير، واحد من الركاب سأل السواق: ""بتقدر تبدلي مقعدي، لو سمحت؟"" السواق، بكل ذوق، وافق ووقف الباص ليساعده. لقي الراكب مقعد عند الشباك وحس بنسيم بارد. شكر الراكب السواق واستمتع بباقي الرحلة بسلام وهدوء. ",Lebanese
" في يوم من الأيام، سأل تاجر شاب العجوز عن جودة السلعة قائلاً ""هل هناك ضمانًا؟"" فابتسم العجوز وأجابه بأن كل شيء في هذه الحياة مؤقت والضمان الوحيد هو التغيير. ولكنه أضاف أنه يثق في جودة بضاعته ويعد بإصلاح أي عيب قد يظهر. راق للشاب الفكرة وقرر أن يثق بكلمات العجوز ويشتري السلعة، فتعلم أن الثقة قد تكون أهم من أي ضمان مكتوب. "," بيوم من الأيام، تاجر صغير سأل العم عن جودة السلعة وقال ""في ضمان؟"" العم ضحك وقلّو إنو كل شي بالحياة مؤقت والضمان الوحيد هو التغيير. بس أضاف إنو واثق بجودة بضاعتو ورح يصلح أي عيب يطلع. الشاب حب الفكرة وقرر يأمن بكلام العم ويشتري السلعة، وتعلم إنو الثقة بتكون أهم من أي ضمان مكتوب. ",Lebanese
 في يومٍ مشمسٍ، قرر محمد أن يعتني بالكلب الضائع الذي وجده في الحديقة. بدأ بإطعامه وتقديم الماء له بكل حنان. كل يوم، كان يأخذ الكلب في نزهةٍ طويلة ويلعب معه. شيئًا فشيئًا، نشأت بينهما صداقة قوية لا تُنسى. , بيوم مشمس، محمد قرر ياخد بالو من الكلب يللي لقاه ضايع بالحديقة. بلش يأكلو ويسقيو بكل حنية. كل يوم، كان ياخد الكلب بنزهة طويلة ويلعب معو. شوي شوي، عم بينهن صداقة قوية ما بتنتسى. ,Lebanese
 أريد تذكرتين للقطار ليوم الخميس. فتحت ليلى حقيبتها لتتأكد من وجود المحفظة بها قبل الذهاب لشراء التذاكر. وجدت بين أغراضها صورة قديمة لها وهي طفلة تلعب على الشاطئ. تبسمت للذكريات الجميلة ثم واصلت طريقها إلى المحطة. , بدي تذكرتين للقطار لنهار الخميس. ليلى فتحت شنطتها لتتأكد إذا المحفظة موجودة قبل ما تروح تشتري التذاكر. لقيت صورة قديمة كانت صغيرة وعم تلعب عالشاطئ بين أغراضها. ابتسمت للذكريات الحلوة وكملت طريقها عالمحطة. ,Lebanese
" كان أحمد يبحث عن مقهى لقضاء وقت فراغه. سأل المارة: ""أين المقهى؟"" لكن لم يجبه أحد. وأخيرًا وجد مقهى صغيرًا في زاوية هادئة من الشارع. جلس وطلب كوبا من القهوة واستمتع بالهدوء. "," أحمد كان عم يدور على مقهى ليقضي وقت فراغه. سأل الناس يللي عم تمشي: ""وين المقهى؟"" بس ما حدا رد عليه. آخر شي، لقى مقهى صغيرة بزاوية هادية من الشارع. قعد وطلب فنجان قهوة واستمتع بالهدوء. ",Lebanese
 ذهب محمد إلى السوق ليشتري جاكيت لابنه. وجد واحدًا مناسبًا ولكن كان سعره مرتفعًا. قرر أن يتفاوض مع البائع. وأخيرًا، تمكن من الحصول عليه بسعر معقول. , محمد راح عالسوق يشتري جاكيت لابنو. لقى واحد منيح بس كان غالي. فاوض البياع عالسعر. وبالآخر، أخدو بسعر مناسب. ,Lebanese
" في يومٍ مشمس، سأل الطفل العجوز جالساً على مقعد الحديقة: ""اسمك مرة ثانية؟"" فابتسم العجوز وأجاب بحنان: ""اسمي حسن، وأنت؟"" رد الطفل ببراءة: ""أنا يوسف، وأحب أن أستمع لقصصك."" ومنذ ذلك اليوم، أصبحا صديقين يشاركان القصص والضحكات. "," بيوم مشمس، الصبي سأل العم اللي قاعد على الكرسي بالحديقة: ""شو اسمك مرة تانية؟"" العم ضحك وجاوب بحنية: ""اسمي حسن، وإنت؟"" الصبي رد ببراءة: ""أنا يوسف، وبحب سمع قصصك."" ومن هيديك النهارة، صارو صحاب يتبادلو القصص والضحكات. ",Lebanese
" في يوم مشمس، سألت جارتي أم أحمد عن السيد برون الذي يقطن بجانبنا. ""هل مستر برون هناك؟"" سألتها بفضول. ابتسمت أم أحمد وأجابت أن مستر برون غادر صباحاً لزيارة السوق. ومنذ ذلك الحين، أصبحت أم أحمد تحكي لي قصصاً عن أسفار مستر برون الشيقة. "," بنهار مشمس، سألت جارتي أم أحمد عن السيد برون يلي عايش حدنا. ""هل مستر برون هون؟"" سألتها من الفضول. ضحكت أم أحمد وقلتلي إنو مستر برون راح عالسوق الصبح. ومن بعدها، صارت أم أحمد تحكيلي قصص عن مشاوير مستر برون الممتعة. ",Lebanese
" في يوم مشمس، قررت ليلى شراء كتاب من الإنترنت. حينما استفسرت عن السعر، أخبرها البائع: ""حسنا، إنها تتكلف خمسة وثمانون دولارا في البريد العادي وثلاثة دولارات في التوصيل الخاص"". فضلت ليلى خيار التوصيل الخاص لسرعته. وبعد ثلاثة أيام، استلمت ليلى الكتاب وبدأت في قراءته بحماس. "," بيوم مشمس، ليلى قررت تشتري كتاب من عالإنترنت. لما سألت عن السعر، البيّاع قلّها: ""ماشي، رح يكلفك خمسة وتمانين دولار بالبريد العادي وتلاتة دولار بالتوصيل الخاص"". ليلى فضلت تاخد التوصيل الخاص لأنو أسرع. وبعد تلات أيام، استلمت ليلى الكتاب وبلشت تقرأه بحماسة. ",Lebanese
" في يومٍ مشمسٍ، قرر أحمد أن يذهب في رحلة بحرية، فتوجه إلى الميناء وسأل الصياد: ""هل يمكن أن أؤجر قارب ليوم؟"" وافق الصياد وأعطاه مفاتيح القارب الصغير. استمتع أحمد بيومه مبحراً بين الأمواج، وعاد مع غروب الشمس وقلبه مليء بالسلام. "," بيوم مشمس، أحمد قرر يروح على رحلة بحرية، فتوجه للمينا وسأل الصياد: ""فيني استأجر قارب لليوم؟"" الصياد وافق وعطاه مفاتيح القارب الصغير. أحمد استمتع بيومو ماشي بين الموج، ورجع مع غروب الشمس وقلبو مليان بالسكينة. ",Lebanese
" عند أي نافذة يمكن أن أقوم بعمل الحجز؟ قالت المرأة بحيرة وهي تقف في الطابور الطويل. رد عليها الموظف بابتسامة، ""النافذة رقم خمسة يمكنك من خلالها إتمام حجزك."" وعندما وصلت إلى النافذة المحددة، وجدت أن الموظف كان صديقا قديما لها. فرحت كثيراً باللقاء المفاجئ وأنجزت حجزها بسهولة ويسر. "," على أي شباك بقدر إعمل الحجز؟ سألت المرأة محتارة وهي واقفة بالطابور الطويل. جاوبها الموظف بابتسامة ""عند شباك رقم خمسة بتقدري تخلصي حجزك."" ولما وصلت عالشباك يلي قال عنو، اكتشفت إنو الموظف كان صديق قديم. فرحت كتير بالمفاجأة وخلصت حجزها بسرعة وراحة. ",Lebanese
" وجد علي صندوقاً قديماً في العلية. تساءل بفضول ""ما هذا؟"". عند فتحه، اكتشف مجموعة من الرسائل القديمة. كانت الرسائل مليئة بقصص الأجداد ومغامراتهم. "," علي لقي صندوق قديم بالعليّة. سأل حالو بفضول ""شو هيدا؟"". لما فتحو، اكتشف مجموعة رسايل قديمة. الرسايل كانت مليانة قصص عن الجدود ومغامراتهن. ",Lebanese
" في يوم مشمس، سأل رجل عابر امرأة في الشارع، ""هل يمكنك أن تخبريني كيف أستطيع أن أصل إلى الأوبرا؟"" فأجابته السيدة بابتسامة وأشارت إلى طريق مزدحم يؤدي إلى المكان المطلوب. وبينما كان يسير، أخذ يتأمل العمارات العالية والشوارع النظيفة. وصل الرجل في النهاية إلى الأوبرا، شاكرًا تلك السيدة في قلبه على مساعدتها. "," بنهار مشمس، سأل رجال واحدة عالطريق، ""فيكي تقوليلي كيف بقدر وصل عالأوبرا؟"" ردت عليه الست بابتسامة ودلتو على طريق مزدحم رح يوصلو للمكان يلي بدو ياه. وهوي عم يمشي، كان عم يتفرج على البنايات العالية والشوارع النضيفة. وصل الزلمة للأوبرا أخيرًا، ممنون الست يلي ساعدتو بقلبو. ",Lebanese
 في الليلة الماضية، كان خالد مخموراً بدرجة كبيرة. تعثر في طريقه إلى المنزل وأسقط مفاتيحه. في الصباح، استيقظ بصداع شديد ولا يتذكر ما حدث. شعر بالندم وقرر ألا يشرب الكحول مجدداً. , بالليلة الماضية، خالد كان مخمور كتير. وهوي راجع عالبيت، تعتر واهتزّ مفاتيحو. بالصباح، فاق مع وجع راس قوي ومش ذاكر شو صار. حس بالندم وحلف ما يشرب كحول تاني. ,Lebanese
" في يوم مشمس، ذهب خالد إلى المتحف الوطني. وجد على الباب لافتة تقول ""من فضلك اتبع التعليمات الصادرة من موظفينا"". داخل المتحف، التقى بمرشد ذكي أخبره بتاريخ القطع الأثرية. استمتع خالد بيومه وعاد إلى منزله مليئًا بالمعرفة والذكريات الجميلة. "," بيوم مشمس، خالد راح عالمتحف الوطني. عالباب شاف لافتة مكتوب عليها ""من فضلك اتبع التعليمات يللي موظفينا عم يعطوها"". جوا المتحف، خالد تعرف عمرشد ذكي حكيلو عن تاريخ القطع الأثرية. خالد انبسط بنهارو ورجع عبيتو معبى بالعلم وذكريات حلوة. ",Lebanese
 في يوم من الأيام، سأل رجل عابر السبيل عن محل متعدد الأقسام بالقرب من المنطقة. فأشار له المارة إلى متجر كبير خلف الساحة العامة. وعندما وصل، وجد كل ما يحتاجه من مستلزمات. شعر بالسعادة لأنه وجد مكاناً يلبي كافة احتياجاته. , بيوم، سأل واحد عن سوبرماركت كبير حواليه. العالم دلوه على محل كتير كبير ورا الساحة. لما وصل، لقى كل شي بحاجتو. فرح كتير لما لقى مكان بيجمع كل احتياجاتو. ,Lebanese
 املأ خزان الوقود من فضلك ؛ فالطريق طويل أمامك. وعندما أكملت المهمة، وجدت نفسي في قلب الصحراء. بلا أنيس سوى النجوم، أدركت قيمة الرفيق. ومع بزوغ الفجر، بدأت رحلة البحث عن واحة الأحلام. , عبّي تنك البنزين من فضلك؛ لأنو الطريق طويلة قدامك. ولما خلصت المهمة، لقيت حالي بقلب الصحرا. بلا صاحب إلا النجوم، فهمت قيمة الرفيق. ومع شروق الفجر، بلشت رحلة البحث عن واحة الأحلام. ,Lebanese
 في أحد الفنادق القديمة، سأل مسافر عن تكلفة الإقامة. هل يوجد غرفة بسعر أرخص ؟ فأجابه البواب بأن هناك غرفة بسعر معقول لكنها بدون نافذة. وافق المسافر مرغماً وقضى ليلة هادئة في الغرفة الصغيرة. , بواحد من الفنادق القديمة، سأل مسافر عن كلفة الإقامة. في غرفة بسعر أرخص؟ رد عليه البواب وقال في غرفة بسعر منيح بس بدون شباك. المسافر وافق مجبور وقضى ليلة مرتاحة بالغرفة الصغيرة. ,Lebanese
 أفضل سيارة بها نظام إلي لنقل الحركة، وهذا ما جعل أحمد يقرر شراءها. , ومع مرور الوقت، أصبح أحمد يوصي بها لكل أصدقائه. ,Lebanese
 سأقيم في مسكن الطلبة الخاص بجامعة هارفارد. سأستغل هذه الفرصة لأتعرف على ثقافات جديدة وأصدقاء من مختلف البلدان. ستكون الدراسة صعبة لكني مستعد للتحدي. وأخيرًا، أتمنى أن تساهم هذه التجربة في تحقيق أهدافي المستقبلية. , رح أقعد بسكن الطلاب تبع جامعة هارفارد. رح استفيد من هالفرصة لأتعرّف على ثقافات جديدة وأصحاب من أنحاء مختلفة. الدراسة رح تكون صعبة بس أنا جاهز للتحدي. وآخر شي، بتمنى هالتجربة تساعدني لتحقيق أهدافي المستقبلية. ,Lebanese
" في الصباح، استفسر أحمد عن سعر الصرف قائلاً ""ما هو سعر الصرف اليوم؟"" فأجابه الصراف بأن العملة قد ارتفعت قيمتها. شعر أحمد بالسعادة لأنه كان ينوي تحويل مبلغ كبير. وبعد إتمام التحويل، خرج مبتسماً من مكتب الصرافة. "," بالصبح، أحمد سأل الصراف ""شو سعر الصرف اليوم؟"" الصراف قلّو إنو العملة صارت أعلى بالقيمة. أحمد حس بالفرح لأنو كان عم ينوي يحوّل مبلغ كبير. وبعد ما خلص التحويل، طلع مبتسم من مكتب الصرافة. ",Lebanese
 كان يوسف يعاني من الربو منذ الطفولة، وكانت نوبات الأزمة تهاجمه بشكل مفاجئ. في يوم من الأيام، تعرض لنوبة شديدة أثناء تواجده في المدرسة. استدعى المعلمون الإسعاف، وتم نقله إلى المستشفى. منذ ذلك الحين، حرص يوسف على حمل بخاخ الربو معه أينما ذهب. , يوسف كان عم يعاني من الربو من وقت ما كان صغير، وكانت النوبات بتجيه بلا أي تحذير. في يوم من الأيام، أجته نوبة قوية وهوي بالمدرسة. الأساتذة نادوا الإسعاف، وتم نقل يوسف عالمستشفى. من وقتها، صار يوسف دائمًا يحمل معه البخاخ تبع الربو وين ما راح. ,Lebanese
 معي حوالي ثلاثة آلاف دولاراً، فقررت أن أستثمرها في مشروع صغير. بدأت بمحل لبيع الحلويات في الحي. سرعان ما اشتهر المحل بجودة منتجاته. وبعد عام، تمكنت من فتح فرع ثاني. , معي حوالي تلاتة آلاف دولار، فكرت إستثمرن بمشروع صغير. فتحت محل حلويات بالحي. المحل صار معروف كتير بجودة منتجاتو. وبعد سنة، قدرت فتح فرع تاني. ,Lebanese
" في مطعم راقٍ، جلس أمير يتأمل القائمة بشغف. حين اقتربت النادلة، سألته عن اختياره للطعام. أجاب أمير بحيرة: ""حسناً، سيدي. فقد أتت بخيارين مقليات فرنسية أو أرز بالتوابل واللحم، أيهما تحب؟"" بتفكير عميق وابتسامة، اختار أمير الأرز بالتوابل واللحم متخيلاً النكهات الغنية التي ستداعب حاسة التذوق لديه. "," بمطعم فخم، أمير كان قاعد عم يتفحص القائمة بحماسة. لما اقتربت النادلة، سألت شو بدو يطلب. رد أمير محتار: ""ممم، سيدي. جبتيلي خيارين بطاطا مقلية أو رز مع بهارات ولحمة، شو بتفضل؟"" بعد تفكير وابتسامة، اختار أمير الرز مع البهارات واللحمة وهو عم يتخيل الطعمات الرائعة يلي رح تدغدغ حاسة التذوق عنده. ",Lebanese
" ذهب أحمد في رحلة إلى مدينة غريبة وتاه عن طريقه. سأل رجلاً في الشارع: ""كيف أصل إلى ذلك المكان؟"" فأشار الرجل إلى الطريق الصحيح بلطف. وأخيرًا، وصل أحمد إلى وجهته بفضل المساعدة التي حصل عليها. "," راح أحمد ع رحلة لمدينة جديدة وضيع طريقو. سأل واحد عالطريق: ""كيف بدي وصل لهالمكان؟"" والرجال دلّو على الطريق الصح بكل أدب. وأخيراً، وصل أحمد للمحل يلي كان عم يروحلو ممنون للمساعدة يلي جابها. ",Lebanese
 في يوم من الأيام، وجد الصياد قنينة عتيقة على شاطئ البحر. عندما فتحها، خرج منها جني وعده بثلاث أمنيات. فطلب الصياد السلامة لعائلته، وشباكًا لا تتمزق، وسفينة تبحر بلا توقف. ومنذ ذلك اليوم، عمّ الرخاء في حياة الصياد وأصبح مشهورًا بين الناس. , بيوم من الأيام، لقى الصياد قنينة قديمة على شاطئ البحر. لما فتحا، طلعلو جنّي ووعدو بتلاتة أمنيات. الصياد طلب سلامة عيلتو، وشباك ما بتتقطع، ومركب بيسير بلا وقوف. ومن يومها، صارت حياة الصياد مديدة وصار معروف بين الناس. ,Lebanese
 كان هناك رجل يزور البحر كل يوم. في يوم من الأيام، وجد زجاجة قديمة مغلقة تحتوي على رسالة. قرأ الرسالة واكتشف أنها خريطة كنز. بحث عن الكنز ثلاث مرات حتى وجده. , كان في رجل عم بيزور البحر كل يوم. بيوم لقى قنينة قديمة وجواتها رسالة. لما قرا الرسالة، اكتشف إنها خريطة كنز. دور تلات مرات عالكنز لحتى لقاه. ,Lebanese
" كان علي يبحث عن طوابع ليرسل رسالة. سأل أحد المارة: ""أي نافذة تبيع الطوابع؟"" فأشار الرجل إلى النافذة الثالثة. شكره علي واشترى الطوابع التي يحتاجها بسرعة. "," علي كان عم يدور على طوابع ليبعت رسالة. سأل حدا مروق: ""أي نافذة بتبيع طوابع؟"" الزلمة دلو على النافذة التالتة. علي شكره واشترى الطوابع يللي بدو ياها بسرعة. ",Lebanese
 بعد أن هاجمني، هرب في شاحنة بيضاء. قمت بإبلاغ الشرطة فوراً وبدأت في وصف الشاحنة والمهاجم. بحثت الشرطة في كل مكان وتمكنوا من العثور على الشاحنة متوقفة بالقرب من محطة الوقود. تم القبض على الجاني واستعدتُ أغراضي التي سُرقت. , بعد ما هجم عليي، هرب بشاحنة بيضا. عطيت خبر للبوليس عالسريع ووصفتلن شكل الشاحنة والزلمة يلي هجم عليي. البوليس دوروا بكل مكان وقدروا يلاقوا الشاحنة واقفة حد محطة بنزين. قبضوا على الحرامي ورجعتلي سرقاتي. ,Lebanese
" كان أحمد ينوي شراء هدية لأمه. حين وصل إلى المتجر، قدم له البائع قسيمة خصم. قال البائع ""حسنًا، من فضلك احتفظ بهذه القسيمة وقدمها عندما تقوم بالاختيار"". شعر أحمد بسعادة غامرة لأنه سيوفر المال ويشتري هدية مميزة لأمه. "," أحمد بدّو يشتري هدية لإمّو. لمّا وصل عالمحل، البيّاع عطاه قسيمة تخفيض. قلّو البيّاع ""حسنًا، من فضلك إمسك هالقسيمة وورجيها إلي لمّا تختار"". فرح أحمد كتير لأنو رح يوفّر مصاري ويشتري هدية حلوة لإمّو. ",Lebanese
" كان يحسب أن السوق بعيد، فقرر أن يستقل الحافلة. وعندما وصل، رأى الشيء الذي طالما رغب في شرائه. فكر في الأمر قليلاً وقال لنفسه: ""كنت سأشتري هذا إن كنت في مكانك"". وبلا تردد، أخرج محفظته واشترى الغرض مبتسماً. "," كان مفكر إنو السوق بعيد، فقرر يركب الباص. ولما وصل، شاف الشغلة يللي كان عم يحلم يشتريها. فكر شوي وقال لحالو: ""كنت رح اشتري هيدا لو كنت محلك"". ومن دون تردد، طلع محفظتو واشترى الشي وهوي مبتسم. ",Lebanese
 كان لدى علي فاتورة يجب أن يدفعها بقيمة مائتي دولار. تساءل إن كان يجب عليه دفع المبلغ نقدًا فوريًا أم عبر البطاقات الائتمانية. قرر في النهاية استخدام بطاقته الائتمانية لجمع نقاط المكافآت. بعد الدفع، شعر بالراحة لأنه أدار أمواله بحكمة. , عند علي فاتورة لازم يدفعها بميتين دولار. كان عم يفكر إذا بدو يدفع نقداً هلق أو بالبطاقة الائتمانية. قرر بالنهاية يستخدم الكريديت كارد تا ياخد البوينتس. بعد ما دفع، حس براحة لأنو ضبط مصاريفو منيح. ,Lebanese
" كان البحار قديماً يسأل: ""كم من الوقت تستغرق السفينة لعبور هذا المحيط؟"" وكان الجواب دائماً محاطاً بالغموض. في إحدى الرحلات، قرر أن يقيس الوقت بنفسه. أبحر لأيام وليالٍ حتى وصل إلى الشاطئ الآخر. وأخيراً، استطاع أن يخبر الناس أن الرحلة استغرقت ثلاثين يوماً بالضبط. "," البحّار زمان كان يسأل: ""قديش بتاخد السفينة لتعبر هالمحيط؟"" والجواب دايمًا كان مليان غموض. بإحدى الرحلات, قرر يعد الوقت لحالو. راح بالبحر أيام وليالي لحتى وصل على الشاطئ التاني. وأخيرًا، قدر يخبر الناس إنو الرحلة أخدت تلاتين نهار بالزبط. ",Lebanese
" في يوم من الأيام، سأل مريض طبيبه: ""هل علىّ أن أتجنب أنواع معينة من الطعام خلال فترة تناولي هذا الدواء؟"" فأجابه الطبيب بأنه يجب عليه الابتعاد عن الأطعمة الدهنية والحارة. وببداية فترة العلاج، شعر المريض بصعوبة في التأقلم مع النظام الغذائي الجديد. ولكن مع مرور الوقت، تحسنت صحته بشكل ملحوظ، وشعر بالامتنان لنصيحة طبيبه. "," في مرة، واحد سأل طبيبو: ""خلال فترة ما بتناول هالدوا، في أكل معين لازم إبعد عنو؟"" طبيبو أجابو إنو لازم يتجنب الأكل الدسم والحراق. بأول العلاج، كان يعاني ليتأقلم مع الأكل الصحي الجديد. بس مع الوقت، صار يحس بتحسن كتير وصار ممنون لنصيحة طبيبو. ",Lebanese
 في يوم مشمس، دخل رجل إلى محل الأحذية متسائلاً عن أحذية حريمي عند أصابع القدم. البائع، بابتسامة عريضة، أومأ إلى الركن حيث تتلألأ تشكيلة واسعة من الصنادل الأنيقة. الرجل اختار زوجاً لزوجته بعناية فائقة، متأملاً في تفاصيل التصميم الرقيقة. وعندما عاد إلى المنزل، قدم الهدية لزوجته التي ارتسمت على وجهها ابتسامة الرضا والسعادة. , بيوم مشمس، دخل رجال على محل أحذية وسأل إذا في عندن جزمة حريمي عند صوابع الرجلين. البياع ابتسم وأشر له على زاوية فيها مجموعة حلوة كتير من الصنادل. الزلمة انتقى زوج أحذية لمرتو بدقة، وتأمل بالتفاصيل الناعمة اللي فيها. ولما رجع عالبيت، قدم الهدية لمرتو وشاف السعادة مرسومة على وجها. ,Lebanese
" في أحد الأيام، قرر محمد السفر عبر الحدود لزيارة أقاربه. قبل الرحلة، سأل صديقه: ""هل ستواجهني أية صعوبات في الجمارك؟"" صديقه أكد له أنه إذا كانت أوراقه مكتملة فلن يواجه أي مشاكل. وعندما وصل محمد إلى الجمارك، مرّ بسهولة بعد أن قدّم جميع الوثائق المطلوبة. "," في يوم من الأيام، محمد قرر يسافر عبر الحدود ليزور أهلو. قبل ما يروح، سأل رفيقو: ""رح إواجه صعوبات بالجمارك؟"" رفيقو طمّنو وقلّو إذا كانت كل الأوراق مظبوطة ما رح يصير مشاكل. ولما وصل محمد عالجمارك، عدّى بسهولة بعد ما قدّم كل الوثائق يلّي طلبوها. ",Lebanese
 في إحدى الحانات القديمة، طلب رجل من النادل بعض النبيذ الأحمر. وبينما هو يتذوق الرحيق الأحمر، دخلت امرأة ذات ملامح جميلة. نظر إليها مليًا وابتسم، فقد كانت صديقته القديمة التي لم يرها منذ سنوات. , بواحد من البارات العتيقة، طلب رجال من الويتر شوي نبيذ أحمر. وهوي عم يتذوق العصير الأحمر، دخلت مرا حلوة كتير. ضل يطلع فيها وضحك، لأنها كانت صاحبتو يللي ما شافها من زمان. ,Lebanese
 أخبرني عندما نصل إلى المتحف. وعندما وصلنا، كان المتحف مغلقًا بسبب التجديدات. شعرت بخيبة أمل كبيرة، ولكن صديقي اقترح أن نتجول في الحديقة بدلاً من ذلك. في الحديقة، وجدنا معرضًا فنيًا مفتوحًا كان يعرض لوحات نادرة. ," Khallini a3ref lamma nwasel 3al mat7af. Wlamma wasalna, l mat7af ken msakkar la2anno 3am y3emlo tajdeed. Hasisse b khaybe kbeer, bas rfe2i 2al yalla nrou7 nta7awwel bl hadee2a ma7all el mat7af. Wbl hadee2a, 2elna ma3rad fanne mftou7 3am y3ared lo7at nadra. ",Lebanese
" في أحد الأيام، سأل محمود السائق: ""هل يذهب هذا الأتوبيس إلى فندق الشيراتون؟"" فأجابه السائق بابتسامة وقال: ""نعم، اصعد وتفضل بالجلوس."" خلال الرحلة، تعرف محمود على مسافرين من مختلف الجنسيات. وبعد وصوله، شكر السائق وتمنى له يومًا سعيدًا. "," بيوم من الأيام، محمود سأل السواق: ""بتروح هالباص لفندق الشيراتون؟"" السواق ضحك وقلّو: ""ايه، تفضل اطلع واقعد."" بالطريق، محمود تعرّف على ناس من دول كتير. ولما وصل، شكر السواق وتمنالو يوم حلو. ",Lebanese
" في يوم ما، تساءل خالد عن نتائج جهوده. ""إلى أي شيء وصل ذلك الأمر؟""، قال وهو ينظر إلى الأفق. بعد عام، أصبحت فكرته مشروعًا ناجحًا. وأدرك أن الصبر والمثابرة هما مفتاح النجاح. "," بيوم من الأيام، خالد كان عم يسأل حالو عن نتائج تعبو. ""شو وصلت هالقصة؟""، قال وعم يطلع عالأفق. بعد سنة، صارت فكرتو مشروع ناجح. واكتشف إنو الصبر والمثابرة هني مفتاح النجاح. ",Lebanese
 كان الجو حارًا ذلك اليوم، وشعرت بالضيق في الغرفة. إنه ساخن بدرجة بسيطة. هل يمكن أن أفتح النافذة؟ سألت وأنا أنظر إلى زملائي في الصف. وبمجرد أن فتحتها، هبت نسمة منعشة جعلتنا جميعًا نشعر بالراحة. , كان الجو حار هاليوم، وحسيت بحرجة داخل الغرفة. هيدي حرارة بسيطة. فيي فتح الشباك؟ سألت وأنا عم بطل على صحابي بالصف. وأول ما فتحتو، دخلت نسمة باردة خلتنا كلنا نرتاح. ,Lebanese
" في يوم من الأيام، كان هناك رجل يملك دشاً واحداً في بيته. دائماً ما كان يقول لأولاده ""فقط دش يكفي"". ولكن في أحد الأيام، تعطل الدش وأصبح الجميع في حيرة من أمرهم. في النهاية، اضطروا إلى الاستحمام بدلو الماء حتى يتم إصلاحه. "," بيوم من الأيام، كان في رجال عندو دش واحد بالبيت. دايماً كان يحكي لأولاده ""بس دش يكفي"". بس بيوم من الأيام، الدش بطل يشتغل وكل العيلة ضلو حيارى. بالآخر، صار لازم يستحمو بالطشت لين يتصلح. ",Lebanese
 عيني محمرة قليلا لأنني قضيت ساعات طويلة أمام الكمبيوتر. شعرت بالتعب والإرهاق بعد يوم عمل شاق. قررت أن أخذ استراحة وأذهب للتنزه في الحديقة. هناك، التقيت بصديق قديم وتبادلنا أطراف الحديث. , عيوني صارت حمرا شوي لأنو قعدت ساعات طويلة قدام الكمبيوتر. حسيت بالتعب والإرهاق بعد يوم شغل طويل. قررت خد استراحة وروح اتمشى بالحديقة. هنيك، لقيت صديق قديم وحكينا شوي. ,Lebanese
 لا ، هل لي أن أقترح أخذ غرفة ذات سريرين للاستخدام الفردي ؟ فنحن لدينا واحدة. وافق النزيل على الاقتراح وشعر بالراحة في الغرفة الواسعة. في الصباح، استيقظ على صوت العصافير وأشعة الشمس الدافئة. تناول فطوره وهو يتأمل جمال الحديقة من نافذته. , لأ، بقدر إقترح عليك تأخد غرفة فيها تنين أسرة لاستخدامك لحالك؟ عنا وحدة هيك. الزبون رضي بالفكرة وحس براحة كتير بالغرفة الكبيرة. بالصبح، صحي على صوت العصافير ودفا الشمس. تريّق وهوي عم يتفرج على الحديقة الحلوة من شباكو. ,Lebanese
" لم يكن لدى سامر أي خيار سوى المحاولة. قال لصديقه بتصميم: ""لا أستطيع تأكيد ذلك لكنا سنبذل قصارى جهدنا."" وبالفعل، بدأوا في العمل معاً من أجل حل المشكلة. في النهاية، تمكنوا من تحقيق نجاح غير متوقع. "," سامر ما كان عندو خيار تاني، لازم يحاول. قللو لرفيقو بإصرار: ""ما فيي وعدك، بس رح نعمل كل يللي بقدرتنا."" وعفواً، شتغلوا سوا لحل المشكلة. وبالآخر، قدروا ينجحوا بشكل ما كان متوقع. ",Lebanese
" في أحد الأيام، قررت ليلى أن تغير من مظهرها فذهبت إلى صالون التجميل. وقالت للمصفف: ""أريد تمويج متقارب لشعري، من فضلك"". بعد ساعات من العمل الدقيق، انعكس جمال شعرها المتموج في المرآة. خرجت ليلى من الصالون وهي تشعر بالتجديد والثقة بالنفس. "," بيوم من الأيام، قررت ليلى تغير شكلها وراحت عالصالون. وقلت للمزيّن: ""بدي تمويج متقارب لشعري، من فضلك"". بعد ساعات من الشغل الدقيق، ليلى شافت حالا بالمراية وشعرها متموج وحلو. طلعت ليلى من الصالون وهيي مبسوطة وعم تحس بالتجديد والثقة بحالها. ",Lebanese
 كان البحر إلى الأسفل من بعيد. وقفت ليلى تنظر إليه بشوق، فقد طال انتظارها لتلك اللحظة. أخذت نفساً عميقاً وبدأت بالهبوط نحو الشاطئ. ومع كل خطوة، زادت دقات قلبها ترقباً للموج الهادئ. , كان البحر تحت من بعيد. ليلى واقفة عم تطل ع البحر بشوق، من زمان كانت عم تستنى هاللحظة. أخدت نفس عميق وبلشت تنزل عالشاطئ. مع كل خطوة، قلبها كان عم يدق أسرع وهيي مستنية الأمواج الهادية. ,Lebanese
 هي تريد بيرة، فذهبت إلى البار المجاور. وجدت البار مزدحمًا للغاية. تحدثت مع النادل وطلبت بيرة خاصة. استمتعت بشربها وهي تستمع للموسيقى الحية. , هيي بدا بيرة، راحت عالبار يللي جنبن. لقت البار مليان كتير. حكت مع الجرسون وطلبت بيرة مميزة. استمتعت بشربها وهي عم تسمع للموسيقى الحية. ,Lebanese
 كان محمود يعاني من آلام شديدة في البطن، فذهب إلى الطبيب الذي أخبره أنه بحاجة إلى إجراء عملية. شعر بالقلق لكنه قرر أن يثق بالطاقم الطبي. بعد العملية، استيقظ محمود وقد زالت الآلام تمامًا. شعر بالامتنان للأطباء والممرضين الذين اعتنوا به. , محمود كان عم يعاني من وجع قوي ببطنو، فراح عالدكتور يللي قللو إنو لازم يعمل عملية. حس بالقلق بس قرر يعتمد عأطباء. بعد العملية، صحي محمود ما فيو وجع. تأثر كتير بالطاقم الطبي يللي كانو حواليه. ,Lebanese
" ذهب أحمد إلى السوق ليشتري بعض الطعام. وجد أن سعر البيض قد ارتفع، لكنه قرر شراء المزيد منه. عندما عاد إلى المنزل، قالت أمه بابتسامة: ""المزيد من البيض من فضلك."" فابتسم أحمد وأخرج البيض الذي اشتراه. "," راح أحمد عالسوق يشتري شوية أكل. لقى سعر البيض طالع، بس قرر يجيب زيادة. لما رجع عالبيت، أمو قالتلو وهيي مبتسمة: ""جيب أكتر بيض، لو سمحت."" أحمد ابتسم وطلع البيض يلي اشتراه. ",Lebanese
" كان أحمد يريد الذهاب إلى سنترال بارك للقاء أصدقائه. سأل أحد المارة: ""أين محطة الأتوبيس المتجه إلى سنترال بارك؟"" أرشده المارة إلى المحطة الصحيحة وأخبروه أن الأتوبيس سيأتي بعد خمس دقائق. شكر أحمد المارة وانتظر الأتوبيس الذي وصل في الوقت المحدد. "," أحمد كان بدو يروح ع سنترال بارك ليقابل رفقاتو. سأل حدا من العابرين: ""وين محطة الباص يلي رايح ع سنترال بارك؟"" العابرين دلوه ع المحطة الصح وقلولو إنو الباص رح يجي بعد خمس دقائق. شكر أحمد العابرين وتريّث للباص يلي وصل بالوقت المحدد. ",Lebanese
 في يوم ماطر، احتاج خالد إلى سيارة أجرة ليصل إلى مقابلة عمل مهمة. وجد سيارة أجرة بعد وقت طويل من الانتظار وتحت الأمطار الغزيرة. خلال الرحلة، شارك السائق قصصاً ملهمة عن النجاح بعد الفشل. وصل خالد إلى المقابلة في الوقت المناسب وملؤه الأمل والتفاؤل. , بيوم مطر، خالد كان محتاج تاكسي ليوصل على مقابلة شغل مهمة. لقي تاكسي بعد ما استنى كتير تحت المطر. بالطريق، السواق حكالو قصص حلوة عن النجاح بعد الفشل. وخالد وصل على المقابلة بالوقت وهوي مليان أمل وتفاؤل. ,Lebanese
 ها هو مفتاحك، يا سيدي. غرفة ستة وخمسون إثنى عشر. ابتسم الرجل شاكرًا وتوجه نحو الغرفة المذكورة. بعد دقائق من السير في الأروقة الطويلة، وجد الغرفة التي تحمل الرقم المطلوب. لكن عندما فتح الباب، وجد الغرفة مختلفة تمامًا عما توقع. كانت مليئة بالزهور والبالونات، وكان أصدقاؤه ينتظرونه هناك لمفاجأته بعيد ميلاده. , هيدا مفتاحك يا سيدي. الغرفة ستة وخمسين اتنين عشر. الرجال ابتسم ممنون وتوجه لعند الغرفة اللي قلولو عنها. بعد ما مشي شوي بالممرات الطويلة، لقى الغرفة يللي فيها الرقم يللي بدو ياه. بس يوم فتح الباب، لقى الغرفة متغيرة كتير عن اللي كان متوقع. كانت مليانة بالورود والبالونات، وأصحابو كانوا قاعدين جوا بيستنوه ليفاجئوه بعيد ميلادو. ,Lebanese
" كان هناك شاب يملك جاكتاً أنيقاً وكان يفخر به كثيراً. في يوم من الأيام، أثناء سيره في السوق، لاحظت فتاة جميلة الجاكت وقالت ""أحب الجاكت الخاص بك"". شعر الشاب بالسعادة لأن الجاكت قد جلب له إعجاب الناس. ومنذ ذلك الحين، أصبح الجاكت الخاص به رمزاً للحظ الجيد. "," كان في شاب عندو جاكيت كتير أنيق وكان مبسوط فيه كتير. بيوم من الأيام، وهوي عم يمشي بالسوق، شافتو بنت حلوة الجاكيت وقالتلو ""بحب الجاكيت تبعك"". الشاب حس بفرح كبير لأن الجاكيت جابلو إعجاب الناس. ومن وقتها، صار الجاكيت تبعو علامة للحظ الحلو. ",Lebanese
 في يوم من الأيام، كان هناك شاب يعمل بجد لتحقيق حلمه. استمر في السعي خلف طموحاته رغم الصعاب التي واجهها. وبعد سنوات من العمل الشاق، أصبح أخيرًا مديرًا لشركته الخاصة. شعر بفخر عظيم لأنه لم يستسلم أبدًا. , كان في شاب عم يشتغل كتير ليحقق حلمو. استمر يلاحق طموحاتو حتى مع العوائق يلي واجها. ومن بعد سنين من الشغل الصعب، صار أخيرًا مدير لشركتو الخاصة. حس بفخر كبير لأنو ما استسلم أبداً. ,Lebanese
 ها نحن قد وصلنا، هذا هو فندقك. توجه الرجل إلى الاستقبال لتسجيل الدخول. وجد غرفته مريحة وذات إطلالة جميلة. استلقى على السرير مستعدًا لقضاء ليلة هادئة. , وصلنا، هيدا فندقك. الرجال راح ع الاستقبال ليسجل دخولو. لقي غرفتو مرتاحة والمنظر حلو. نام ع السرير مستعد يقضي ليلة هادية. ,Lebanese
 بدأت المباراة في الساعة السابعة مساءً. تجمع الجمهور في المدرجات يهتفون بحماس. لعب الفريقان بمهارة عالية والنتيجة كانت متقاربة. في النهاية، فاز الفريق المضيف بفارق نقطة واحدة. , المباراة ابتدت الساعة سبعة المسا. الجمهور تجمعوا بالمدرجات وعم يهتفوا بحماسة. الفريقين لعبوا مع بعض بمهارة والنتيجة كانت قريبة. بالآخر، فاز فريقنا الأصلي بفارق نقطة. ,Lebanese
 صباح الخير. كيف حالك؟ استيقظ عمر باكرًا وقد امتلأ قلبه بالحماس ليوم جديد. تناول إفطاره بسرعة وخرج للقاء أصدقائه في الحديقة. لعبوا كرة القدم وتمتعوا بالضحك والمرح. وفي نهاية اليوم، عاد عمر إلى منزله وهو يشعر بالسعادة والامتنان للحظات الجميلة التي قضاها. , صباح الخير. كيفك؟ عمر قام من النوم بكير وكان مبسوط ومتحمس ليوم جديد. أكل فطوره على عجل وطلع يلتقي مع رفقاتو بالحديقة. لعبو كرة القدم وضحكوا واستمتعوا سوا. وبآخر النهار، رجع عمر على بيتو مبسوط وممتن للأوقات الحلوة يللي قضاها. ,Lebanese
" في يوم مشمس، قرر أحمد أن يذهب في نزهة إلى الحديقة العامة. وصل إلى البوابة وتفاجأ عندما طلب منه الحارس أن يقدم دليل هوية. قال أحمد معتذرًا، ""أسف أنني بحاجة إلى أن أطلع على أي مستند لتحديد الهوية."" بعد البحث في جيوبه، وجد بطاقته الشخصية ودخل الحديقة بسعادة. "," بنهار مشمس، أحمد قرر يروح على الحديقة العامة ليتمشى. وصل على البوابة واستغرب لما الحارس طلب منو يشوف هويتو. أحمد اعتذر وقال: ""أسف، لازم شوف أي وثيقة تثبت مين أنا."" بعد ما دور بجيوبو، لقى هويتو ودخل عالحديقة فرحان. ",Lebanese
" في أحد الأيام، زار أحمد معرضاً للفن الحديث وتأمل اللوحات بإعجاب. عندما وقف أمام لوحة غريبة الأشكال، شعر بحيرة وفضول. سأل الفنان عن معنى اللوحة، فأجابه بسؤال ""ماذا كان انطباعك؟"". بعد تفكير عميق، أدرك أحمد أن الفن يتجاوز الكلمات ويتحدث مباشرةً إلى الروح. "," بيوم من الأيام، أحمد زار معرض للفن الحديث وتفرج عاللوحات بإعجاب. لما وقف قدام لوحة غريبة الأشكال، حس بحيرة وفضول. سأل الفنان عن معنى اللوحة، رد عليه بسؤال ""ماذا كان انطباعك؟"". بعد تفكير طويل، فهم أحمد إنو الفن بيتخطى الكلام وبيحكي مباشرةً للروح. ",Lebanese
 بالتأكيد، سأحتسي القهوة بعد العشاء. جلس محمد في الشرفة يتأمل النجوم، وفي يده كوب القهوة الساخن. استغرق في التفكير بقصص الأجداد وحكايات الزمن الجميل. ومع كل رشفة، شعر بدفء الذكريات يعود به إلى الماضي. , أكيد، رح إشرب القهوة بعد العشا. محمد قعد عالشرفة يتأمل النجوم وبإيدو فنجان القهوة الحار. غرق بأفكارو عن حكيات الجدود وأيام زمان الحلوة. ومع كل رشفة، حس بدفا الذكريات يرجعو للماضي. ,Lebanese
 إنني سأستقل الرحلة الجوية رقم اثنى عشر المتجهة إلى طوكيو. وصلت المطار مبكرًا، وأتممت إجراءات السفر بسلاسة. جلست في الطائرة متأملاً المناظر الجميلة من النافذة. بعد ساعات، هبطنا في طوكيو وكانت الإثارة تغمرني. , أنا عم بدي استقل طيارة رقم اثنى عشر لطوكيو. وصلت عالمطار بكير وخلصت كل شي تمام. قعدت بالطيارة وعم بتأمل المناظر الحلوة من الشباك. بعد ساعات، وصلنا عطوكيو وكنت متحمس كتير. ,Lebanese
 أراد جمال أن يجري مكالمة دولية ليطمئن على أخيه الذي يعيش في بلد بعيد. عندما وصل إلى الهاتف، اكتشف أن الخدمة معطلة بسبب عاصفة شديدة. شعر بالقلق الشديد ولكنه قرر أن يحاول مرة أخرى بعد ساعات. وأخيرًا، تمكن من الاتصال وسمع صوت أخيه يطمئنه أن كل شيء على ما يرام. , جمال بدو يعمل مكالمة دولية يطمّن على أخوه يللي عايش ببلد بعيد. لما راح عالتليفون، اكتشف إنو الخدمة مقطوعة من ورا عاصفة قوية. حس بقلق كبير بس قرر يحاول مرة تانية بعد شوي. وأخيرًا، قدر يتواصل مع أخوه وسمع صوتو يطمّنو إنو كلشي منيح. ,Lebanese
 في أحد الأيام، وجد علي محفظة في الشارع وكانت ممتلئة بالنقود. احتار علي في الأمر وقرر أن يبحث عن صاحب المحفظة. بعد خمسة أشهر من البحث، استطاع علي أن يجد صاحب المحفظة وأعادها إليه. شعر صاحب المحفظة بسعادة غامرة وقدم لعلي مكافأة تقديراً لأمانته. , في مرة، علي لقى محفظة بالشارع مليانة مصاري. علي حتّر شوي وقرر يدور على صاحب المحفظة. بعد خمس شهور من الدوران، علي قدر يلاقي صاحب المحفظة ورجعها الو. صاحب المحفظة فرح كتير وعطا علي مكافأة لتقدير أمانتو. ,Lebanese
 كان السوق يقام في المدينة كل يوم جمعة. في ذلك اليوم، يأتي الناس من كل حدب وصوب لشراء الحاجيات. تعج الأسواق بالباعة والمشترين وصخب الأصوات. وكان علي يحرص دائماً على أن يكون أول الواصلين ليحصل على أفضل البضائع. , كانت السوق بتنعقد بالمدينة كل يوم جمعة. بهاليوم، الناس بيجو من كل محل ليشترو اللي بدهم إياه. الأسواق بتصير مليانة بالبياعين والمشترين وصوت الضجة. وعلي دايمًا بيحرص يكون أول واحد يوصل عشان ياخد أحسن البضايع. ,Lebanese
" في يومٍ مشمسٍ، خرجت ليلى لشراء ملابس جديدة. وجدت ثوباً أزرقاً رائعاً وسألت البائع: ""أي نوع من الملابس هذا؟"" فأجابها بابتسامة: ""هذا ثوب من الحرير الخالص."" شعرت ليلى بالسعادة لأنها وجدت ما كانت تبحث عنه بالضبط. "," بنهار مشمس، ليلى طلعت تشتري لبس جديد. لقيت فستان أزرق حلو كتير وسألت البياع: ""شو نوع هاللبس؟"" هوي أجاوبها بابتسامة: ""هيدا فستان من حرير صافي."" ليلى فرحت كتير لأنها لقيت يلي كانت عم تدور عليه. ",Lebanese
 كانت الغرفة باردة إلى حد ما، فطلبت من الخادم أن يشعل النار في الموقد. بمجرد أن اشتعلت النار، بدأ الدفء ينتشر في المكان. جلست السيدة في كرسيها المريح وهي تحتسي قهوتها الساخنة. شعرت بالراحة والامتنان للخادم الذي استجاب لطلبها بسرعة. , الغرفة كانت باردة شوي، فطلبت من الخادم يولّع النار بالمدفأة. من أول ما النار تحركت، الدفا انتشر بالمكان. الست قعدت بكرسيها المرتاح وهي عم تشرب قهوتها الحارة. حست براحة وشكرت الخادم يلي عمل طلبها على طول. ,Lebanese
 في يوم مشمس، ذهب خالد إلى السوق ليشتري جل مصفف للشعر. وجد متجراً صغيراً يبيع ما يريد، فدخل واختار أفضل نوع متوفر. بعد أن دفع ثمنه، شعر بالحماس لتجربته على شعره. وعندما عاد إلى المنزل، استخدم الجل ونظر إلى المرآة فابتسم راضياً عن مظهره الجديد. , بيوم مشمس، خالد راح عالسوق ليشتري جل لتصفيف الشعر. لقى محل صغير بيبيع يللي بدو ياه، دخل واختار أحسن نوع موجود. بعد ما دفع المصاري، حس بحماسة كبيرة ليجربه على شعرو. ولما رجع عالبيت، استعمل الجل وطل عالمراية، ابتسم مبسوط باللوك الجديد تبعو. ,Lebanese
 أسف، هذا المكان محجوز بالفعل. وقف خالد مذهولاً وهو يرى اسمه مكتوباً على الكرسي المحجوز. تساءل كيف عرفوا بقدومه مع أنه لم يخبر أحداً. في النهاية، اكتشف أن صديقه قد حجز له المكان كمفاجأة. , آسف، هالمكان محجوز مسبقًا. وقف خالد مصدوم وهوي شايف اسمو مكتوب عالكرسي يللي انحجزلو. تعجب كيف عرفوا إنو جايي وهو ما حكى لحدا. بالآخر، اكتشف إن صاحبو حجزلو المكان كمفاجأة. ,Lebanese
" في أحد المطاعم الراقية، جلس فارس وصديقته ينتظران النادل. حينما جاء النادل، قال فارس بأدب: ""هل لنا أن نطلع على القائمة؟"" بعد أن قدم النادل القائمة وجدا أن الأصناف متنوعة وشهية. تمنيا لو يستطيعان تجربة كل الأطباق. "," بأحد المطاعم الفخمة، فارس وصاحبته كانوا قاعدين عم ينطروا الجرسون. لما وصل الجرسون، فارس سألو بلطف: ""فينا نشوف القائمة؟"" بعد ما الجرسون قدملن القائمة، شافوا إنو الأطباق كتيرة وكلها بتشهي. تمنوا يقدروا يجربوا كل الأطباق. ",Lebanese
 كان هناك شاب يبحث عن بدلة لحضور حفل زفاف صديقه. عندما وصل إلى المتجر، وجد أن مقاسه ستة، وهو مقاس نادر وصعب العثور عليه. بعد بحث طويل، وجد بدلة أنيقة تناسبه تماماً. شعر بسعادة غامرة وذهب إلى الحفل وهو يشعر بالثقة والفخر. , كان في شاب عم يدور على بدلة ليروح على عرس صاحبو. لما وصل عالمحل، اكتشف إنو مقاسو ستة، وهيدا مقاس نادر وصعب تلاقيه. بعد ما دور كتير، لقى بدلة حلوة كتير مناسبة إلو. حس بفرحة كبيرة وراح عالعرس وهو مبسوط ومفتخر. ,Lebanese
" في إحدى الليالي المظلمة، وجد أحمد نفسه ضائعًا في الغابة. كان قلقًا للغاية وأدرك أن الوضع جدي. نظر حوله يائسًا بحثًا عن مساعدة، وتذكر صديقه القديم الذي يمتلك خبرة في البرية. ""أنا بحالة جدية، لكن هل تمانع في الاتصال بصديق؟""، فكر أحمد وهو يحاول العثور على إشارة هاتف. "," بواحد الليل المعتم، أحمد لقي حالو ضايع بالغابة. كان قلق كتير وعرف إن الوضع صعب. بلش يدور حواليه بحثاً عن مساعدة، وتذكر صاحبو القديم يلي عندو خبرة بالبراري. ""أنا بحالة جدية، بس ما بتمانع تتصل بصديق؟""، هيك فكر أحمد وهوي عم يحاول يلاقي إشارة تلفون. ",Lebanese
 في يوم من الأيام، وجد علي محفظة مليئة بالمال في الشارع. قرر علي أن يبحث عن صاحب المحفظة ليعيدها. بعد البحث طويلاً، استطاع أن يجد صاحب المحفظة وهو رجل عجوز. شكر الرجل علي كثيراً وقدم له مكافأة لأمانته. , بيوم من الأيام، لقى علي محفظة ملياني مصاري بالشارع. قرر علي يدور ع صاحب المحفظة ليرجعلو ياها. بعد ما دور كتير، قدر يلاقي صاحب المحفظة يللي طلع رجال كبير بالعمر. الرجال شكر علي كتير وعطاه مكافأة لأمانتو. ,Lebanese
 كان هناك رجل يحاول إيقاف سيارة أجرة في الشارع. لكنه تذكر أن السيارات لا تقف إلا في الموقف المخصص. فتوجه إلى موقف السيارات وانتظر بصبر. وبعد قليل، تمكن من ركوب سيارة أجرة وذهب إلى وجهته. , كان في شخص عم يحاول يقف تاكسي بالشارع. بس تذكر إنو التاكسي ما بتوقف إلا بالموقف. راح عالموقف وانطر شوي. وبعد شوي، قدر يركب تاكسي وتوجه على وين ما كان رايح. ,Lebanese
 في إحدى رحلاته، قرر أحمد البحث عن فندق اقتصادي حيث أن ميزانيته لا تتجاوز الخمسون دولاراً في الليلة. وجد فندقاً صغيراً في قلب المدينة يلبي حاجاته. كانت الغرفة نظيفة ومريحة، والموظفون ودودون. استمتع أحمد بإقامته وتمكن من اكتشاف العديد من معالم المدينة بميزانية محدودة. , بواحد من رحلاتو، قرر أحمد يدور على فندق اقتصادي لأنو ميزانيتو ما بتتخطى الخمسين دولار بالليلة. لقى فندق صغير بقلب المدينة يناسب حاجاتو. الغرفة كانت نظيفة ومريحة، والموظفين كانوا لطيفين. أحمد استمتع بإقامتو وقدر يكتشف كتير من معالم المدينة بميزانية قليلة. ,Lebanese
" في أحد الأيام، قررت مجموعة من الأصدقاء الذهاب في رحلة إلى الجبال. وأثناء التجول، اقترح أحدهم قائلاً: ""هل سنأخذ صورة معا؟"" فوافق الجميع وابتسموا للكاميرا. وعندما عادوا، شاركوا الصورة على مواقع التواصل وأصبحت ذكرى جميلة تجمعهم. "," بيوم من الأيام، قررت مجموعة من الأصحاب يروحوا على رحلة بالجبال. وهني عم يتمشوا، واحد سأل: ""رح ناخد صورة سوا؟"" الكل وافق وابتسموا للعدسة. لما رجعوا، نزلوا الصورة على السوشال ميديا وصارت ذكرى حلوة بتجمعهم. ",Lebanese
" كان أحمد يريد إرسال طرد إلى صديقه في الخارج، فذهب إلى مكتب البريد وسأل الموظف: ""كم تبلغ رسوم هذه الخدمة؟"". أجابه الموظف بابتسامة: ""خمسون ديناراً فقط"". شعر أحمد بالسعادة لأن الرسوم كانت أقل مما توقع، فدفع المبلغ وشكر الموظف على مساعدته. "," أحمد كان بدو يرسل طرد لرفيقو بالخارج، راح عالبريد وسأل الموظف: ""أديش بتكلف هالخدمة؟"". الموظف ابتسم وقلّو: ""بس خمسين ليرة"". أحمد فرح لأنو السعر كان أقل مما كان متوقع، دفع المصاري وشكر الموظف على مساعدتو. ",Lebanese
 في الربع الأخير من العام، شهدت شركة الألعاب ارتفاعاً في المبيعات بأمريكا الشمالية بنسبة ستة بالمائة. وقد عزت الشركة هذا النجاح إلى إطلاق لعبة جديدة أثارت إعجاب الجمهور. الزيادة في الأرباح سمحت للشركة بتوسيع نطاق عملها وتوظيف المزيد من المطورين. في النهاية، أصبحت الشركة رائدة في صناعة الألعاب بالمنطقة. , بآخر ربع من السنة، شركة الألعاب اللي بأمريكا الشمالية شهدت زيادة بالمبيعات وصلت لستة بالمية. الشركة قالت إنه هيدا النجاح سببه لعبة جديدة نزلوها وعجبت الناس كتير. الزيادة بالأرباح خلت الشركة تكبر شغلها وتوظف مطورين جداد. وبالآخر، صارت الشركة من أهم شركات الألعاب بالمنطقة. ,Lebanese
" في يوم مشمس، سأل يوسف صديقه عمر: ""من هو أفضل صديق لك؟"" فابتسم عمر وأجاب: ""أنت يا يوسف، لأنك دوماً تقف بجانبي"". ومنذ ذلك اليوم، أصبحت صداقتهما أقوى وتعاهدا على الوفاء والإخلاص. وكلما واجها تحدياً، تذكرا هذه اللحظة وتجاوزا الصعاب معاً. "," بيوم مشمس، يوسف سأل صاحبو عمر: ""مين أحسن صديق الّك؟"" عمر ابتسم ورد: ""إنت يا يوسف، لأنك دايماً حدّي"". ومن هيديك النهارة، صارت صداقتن أقوى واتعاهدو يكونو أوفياء لبعض. وكل ما كانو يواجهو صعوبة، كانو يتذكرو هاللحظة ويتخطو العقبات مع بعض. ",Lebanese
 في أحد الأيام، اكتشف يوسف أن هناك بطولة سومو في أمريكا، فقرر المشاركة. بعد تدريب شاق، استطاع يوسف الوصول إلى النهائيات. واجه منافسا قويا، لكنه بحنكته استطاع التغلب عليه. وبذلك توج يوسف بطلا للسومو في بطولة أمريكية، وأصبح مثالا للإصرار والعزيمة. , في يوم من الأيام، يوسف دريان إنو في بطولة سومو بأمريكا، فقرر يشترك فيها. بعد تمرين قاسي، وصل يوسف للنهائيات. كان عندو منافس قوي، بس بذكاءه قدر يفوز عليه. وهيك يوسف صار بطل السومو ببطولة أمريكية وصار مثال للعزيمة والإصرار. ,Lebanese
 في يوم الصحة الرياضية، اجتمع الناس في الحدائق العامة لممارسة الرياضة. الأطفال كانوا يلعبون كرة القدم، بينما كان الكبار يمارسون تمارين اللياقة البدنية. وُزعت المياه والعصائر لتشجيع المشاركين على الاستمرار في النشاط. في نهاية اليوم، شعر الجميع بالحيوية والصحة الجيدة، مُقدرين أهمية هذه الإجازة القومية. , بيوم الصحة الرياضية، الناس تجمعوا بالحدائق ليعملوا رياضة. الصبية كانوا عم يلعبوا كرة القدم، والكبار عم يعملوا تمارين لياقة بدنية. قدموا مي وعصير لتشجيع المشتركين يكفوا عالنشاط. بآخر النهار، كل الناس حسوا بالنشاط والصحة الكتير منيحة، وقدروا أهمية هالعطلة الوطنية. ,Lebanese
" في يوم من الأيام، سأل رجل عابر الطريق: ""هل هذا خاص بوول ستريت؟"" فأجابه المارة بابتسامة: ""نعم، هذا هو الطريق المؤدي إلى قلب المال والأعمال."" شعر الرجل بحماس شديد ليبدأ مشواره في عالم الاستثمار. ومع مرور الوقت، أصبح من أشهر المستثمرين في وول ستريت. "," يوم من الأيام، واحد سأل شخص ماشي عالطريق: ""هيدا طريق وول ستريت؟"" العالم ردوا عليه وعم يبتسموا: ""إيه، هيدا هوّي الطريق يللي بيوصل لقلب المصاري والشغل."" الرجال حس بحماسة كبيرة ليبدأ مشواره بعالم الاستثمار. ومع الوقت، صار من أشهر المستثمرين بوول ستريت. ",Lebanese
" كانت ليلى تبحث عن مكان للإقامة خلال رحلتها. أعجبتها شقة جميلة وقررت أن تقول ""أرغب في تأجير هذه من الخامس حتى العاشر من ديسمبر"". تواصلت مع المالك وأكدت الحجز. وصلت ليلى واستمتعت بإقامتها في الشقة الرائعة. "," كانت ليلى عم تدور على مكان تقعد فيه برحلتها. شافت شقة حلوة وقالت ""بدي إيجار هيدي من الخامس للعاشر من ديسمبر"". حكت مع صاحب الشقة وثبتت الحجز. لما وصلت ليلى، استمتعت بإقامتها بالشقة الحلوة. ",Lebanese
" في أحد الأيام، توجهت المرأة العجوز إلى السوق لشراء بعض الحاجيات. وخلال سيرها، التقت بجارها الشاب الذي سألها عن حالها. فأجابته بابتسامة، ""بحالة جيدة، وكيف حالك أنت، يا سيدي؟"" شعر الشاب بالإمتنان لاهتمامها وأصر على حمل مشترياتها إلى المنزل. "," بيوم من الأيام، راحت العجوز عالسوق تشتري شوي شغلات للبيت. وعطريقا، صادفت الجار الشب اللي سألها كيف حالها. أجابتو بابتسامة، ""منيحة، وإنت شو أخبارك يا سيدي؟"" الشاب حس بالتقدير لإلتفاتها وأصر يحمللها مشترياتها لعند البيت. ",Lebanese
" في يوم حار، كان أحمد يقود سيارته عندما لاحظ تصاعد الدخان من المحرك. توقف على جانب الطريق وسأل رجلًا كان يمر بجانبه: ""هل تريد أن افحص موتور السيارة؟"" وافق الرجل وبعد الفحص، أخبر أحمد أن هناك مشكلة في المبرد. شكر أحمد الرجل على مساعدته وقرر أن يأخذ السيارة إلى الورشة لإصلاحها. "," بيوم حار كتير، أحمد كان عم يسوق سيارتو لما انتبه لدخان عم يطلع من المحرك. وقف على جنب الطريق وسأل شخص كان عم يمشي حدو: ""بدك تفحص موتور السيارة؟"" الزلمة وافق وبعد ما فحصو، قللو أحمد إنو في مشكلة بالتبريد. أحمد شكر الزلمة وقرر ياخد السيارة على الكراج لتصليحها. ",Lebanese
" في يوم من الأيام، وجد أحمد ظرفاً مغلقاً على الطاولة، وكان مكتوباً عليه ""سكر؟"". فتح الظرف بفضول ووجد مفتاحاً صغيراً بداخله. بحث عن الصندوق الذي يتناسب مع المفتاح وعندما فتحه، اكتشف رسالة تقوده إلى مغامرة غامضة. "," في يوم، أحمد لقى ظرف مقفول على الطاولة، مكتوب عليه ""سكر؟"". فتح الظرف من فضولو وشاف جواتو مفتاح صغير. دور عالصندوق يللي بيتناسب مع المفتاح ولما فتحو، اكتشف رسالة بتوجهو لمغامرة مليانة أسرار. ",Lebanese
" في أحد الأيام، ذهب خالد إلى المتجر لشراء هدية لأخيه. وعندما اختار الهدية المناسبة، سأل البائع: ""هل يمكنني أن أدفع عن طريق الماستر كارد؟"" فأجابه البائع بابتسامة: ""بالطبع يمكنك ذلك، نقبل جميع البطاقات الائتمانية."" فشعر خالد بالراحة لأنه لم يكن يحمل معه نقوداً كافية. "," بيوم من الأيام، خالد توجه عالمحل ليشتري هدية لأخوه. ولما اختار يللي بدو ياه، سأل البياع: ""فيي دفع بالماستر كارد؟"" البياع ابتسم وقلّو: ""أكيد، فيك تدفع فيها، نحنا منقبل كل البطاقات."" خالد ارتاح لأنو ما كان معو مصاري كافية. ",Lebanese
" وصل خالد إلى المطار متأخرًا وسأل أحد العاملين: ""هل هذا هو المكان المخصص لجمع الحقائب الخاصة برحلة ان دبليو رقم تسعة صفر سبعة؟"". أشار العامل إلى السير الذي بدأ يتحرك بالحقائب وأخبر خالد أنه في المكان الصحيح. تنفس خالد الصعداء وانتظر حقيبته بتوتر. وبعد دقائق، ظهرت حقيبته وغادر مسرعًا ليلحق بموعده. "," خالد وصل عالمطار متأخر وسأل واحد من العمال: ""هيدا هوي المكان يللي لازم نجمع فيه الشناط الخاصة برحلة ان دبليو رقم تسعة صفر سبعة؟"". العامل إشرلو عالسير يللي بلش يتحرك بالشناط وقللو إنو بالمكان الصح. خالد إرتاح ووقف يستنى شنطتو وهوي قلق. وبعد شوي، طلعت شنطتو وطلع على طول لحق حالو. ",Lebanese
 سآخذ هذا النوع من الكتب لأنه يحتوي على المعلومات التي أحتاجها. بعد أخذ الكتاب، بدأت في قراءته بشغف. وجدت فيه حكم ومواعظ قيمة. أصبح هذا الكتاب مرجعي المفضل في الدراسة والحياة. , رح خد هيدا النوع من الكتب لأنو فيه المعلومات يللي بحاجتهن. بعد ما أخدت الكتاب، بلشت قراءتو بحماسة. لقيت في جواتو حكم وعظات قيمة. هالكتاب صار المرجع يللي بفضلو بالدراسة والحياة. ,Lebanese
 إنني سعيد جداً لأنني تمكنت من المجيء إلى هذا البلد. وبما أنني هنا، قررت أن أتعلم اللغة والتقاليد. استطعت أن أكون صداقات جديدة وأشعر بأنني جزء من المجتمع. لقد أصبحت هذه الأرض بمثابة وطن جديد لي. , أنا كتير مبسوط لأني قدرت إجي على هالبلد. ولما صرت هون، قررت إتعلم اللغة والعادات. خلقت صداقات جديدة وصار عندي إحساس إني صرت جزء من المجتمع. هلق هالأرض صارت متل وطن جديد إلي. ,Lebanese
 في أحد الأيام، وجدت رسالة قديمة مطوية تحت باب منزلي. اسمي وعنواني موجودين عليها. تفاجأت بالخط الأنيق والحبر الأزرق الذي لا يزال يحتفظ بلمعانه. فتحت الرسالة بفضول لأكتشف أسرار الماضي التي ستغير حياتي. , بيوم من الأيام، لقيت رسالة قديمة مطوية تحت باب بيتي. اسمي وعنواني مكتوبين عليها. استغربت من الخط الحلو والحبر الأزرق يلي لسه عم يلمع. فتحت الرسالة بفضول لشوف أسرار الماضي يلي رح تغير حياتي. ,Lebanese
" وقف الرجل في المحطة وهو يحمل عدة حقائب ثقيلة. فجأة، تدحرجت إحدى حقائبه بعيداً، فنادى شاباً قريباً قائلاً ""هل لك أن تساعدني في الوصول إلى حقيبتي؟"" بعد أن ساعده الشاب في استرجاع حقيبته، شكره الرجل بحرارة ودعاه لتناول القهوة كعربون شكر. "," واقف الزلمة بالمحطة وماسك أكياس تقيلة كتير. فجأة، اندحرجت وحدة من أكياسو لبعيد، فصرخ لشب قريب منو وقللو ""فيك تساعدني وصل لشنتة؟"" بعد ما الشب ساعدو ورجعلو شنتتو، الزلمة شكر حبيب القلب وعزمو على فنجان قهوة تقديراً لمساعدتو. ",Lebanese
" كان علي يتجول في السوق القديم عندما لاحظ حجراً لامعاً بين البضائع. تقدم ليسأل البائع ""أي نوع من الأحجار هذه؟"" فأجابه البائع بأنها حجر العقيق الأثري. أصابت علي الدهشة وقرر شراء الحجر ليضيفه إلى مجموعته. "," كان علي عم يتمشى بالسوق القديمة لما شاف حجر لامع بين العرض. قرب يسأل البيّاع ""شو نوع هالأحجار؟"" رد البيّاع إنو حجر عقيق قديم. علي تعجّب وقرر يشتري الحجر ليضيفو على مجموعتو. ",Lebanese
 في إحدى القرى البعيدة، حيث السكينة تعم المكان، كانت هناك مجموعة من الناس تعيش على صناعة القوارب الخشبية. , الحكومة، بدورها، كانت تراقب الوضع عن كثب، محاولةً إيجاد توازن بين الحاجة إلى العمالة والحفاظ على هوية القرية. ,Lebanese
 من هذا الجبل، تستطيع رؤية المدينة بأكملها. خلال هذا الموسم العديد من أنواع الزهور تزدهر، إنها تبدو جميلة جداً. ومع كل صباح، يأتي السكان لاستنشاق الهواء النقي والاستمتاع بالمنظر الخلاب. الأطفال يلعبون بين الأزهار، والكبار يتذكرون أيام شبابهم. , من هالجبل، فيك تشوف المدينة كلها. بهالموسم، كتير أنواع الزهور بتتفتح وبتكون حلوة كتير. وكل صباح، الناس بيجو ليشموا الهوا النقي ويتمتعوا بالمنظر الحلو. الأولاد عم يلعبو بين الأزهار، والكبار عم يتذكرو أيام شبابن. ,Lebanese
" اتبعني إلى الغابة حيث الأشجار العالية تخفي أسراراً عديدة. وجدنا هناك كوخاً صغيراً مخبأ بين الأوراق. دققت الباب وهمس الريح بألحان غريبة. فتح لنا رجل عجوز وابتسم قائلاً ""لقد انتظرتكما"". "," تابعوني ع الغابة وين الأشجار العالية عم تخبي أسرار كتيرة. لقينا هونيك شاليه صغير مخباي بين الأوراق. طقينا ع الباب والريح كانت عم توشوش بألحان غريبة. فتحلنا شيخ كبير وابتسم وقال ""كنت عم استناكن"". ",Lebanese
 من فضلك أخبريه أنت يامادا قد اتصل. في اليوم التالي، انتظرت مادا الرد لساعات طويلة. وعندما جاء الرد أخيرًا، كان صوته مليئًا بالحماس. قرروا أن يلتقوا ويناقشوا مستقبلهم سويًا. , من فضلك قوليلو إنتي يا مادا إنو اتصل. تاني يوم، مادا استنت الجواب ساعات طويلة. ولما الجواب وصل أخيرًا، كان صوتو مليان حماس. اتفقوا إنون يلتقوا ويحكوا عن مستقبلن مع بعض. ,Lebanese
 هل ستقوم بعمل الترتيبات مقدماً؟ سألت سارة وهي تنظر إلى الخريطة بحماس. فردّ جاسم قائلاً: بالطبع، سأحجز الفندق والرحلات السياحية قبل أسبوع من السفر. وفي الأسبوع التالي، جلسا يخططان للمواقع التي يرغبان بزيارتها. وعندما حان وقت الرحلة، كان كل شيء مُعدّاً بإتقان لمغامرة لا تُنسى. , رح تعمل الترتيبات من قبل؟ سألت سارة وهي عم تبصص عالخريطة بحماس. جاسم رد عليها: أكيد، رح حجز الفندق والجولات السياحية قبل السفر بأسبوع. والأسبوع يللي بعدو، قعدوا يخططوا للأماكن يللي بدن يزوروها. ولما إجا وقت السفر، كان كلشي مجهز تمام لمغامرة ما بتنتسى. ,Lebanese
 حسناً، من فضلك ضع هذه البيانات هنا. هل كانت حقيبة واحدة؟ جاء عمر إلى المطار محملاً بحقيبتين ثقيلتين. أثناء التفتيش، سأله الموظف عن عدد الحقائب فأجاب بتوتر. تبين لاحقاً أن إحدى الحقائب ليست له. , منيح، من فضلك حط هالمعلومات هون. كان معك شنطة وحدة؟ عمر راح عالمطار معو شنتين تقيلين. وقت التفتيش، العامل سألو قديه شنط عندك فجاوب بارتباك. بالآخر طلعت وحدة من الشنط مو إلو. ,Lebanese
" في يومٍ مشمس، سأل الأب أولاده: ""هل ترغبون في تناول لحم بقري، دجاج، أم أسماك؟"" فأجاب الأولاد بحماس، ""نريد أسماكاً!"" فذهبوا جميعاً إلى السوق لشراء الأسماك الطازجة. أعد الأب الطعام بعناية وتمتع الجميع بوجبة شهية على وقع أصوات الطبيعة. "," بنهار مشمس، الأب سأل ولادو: ""بدكم تاكلو لحمة، دجاج، ولا سمك؟"" الصبيان ردوا بحماسة: ""بدنا سمك!"" فراحوا كلن عالسوق يشتروا سمك طري. الأب طبخ الأكل بحرص والكل تمتعوا بأكلة زاكية وسط أصوات الطبيعة. ",Lebanese
 كان أحمد يفضل دائمًا استكشاف طرق جديدة في طريقه للعمل. في أحد الأيام، قرر أن يأخذ طريقاً غير مألوفٍ لعودته إلى البيت. على الطريق، اكتشف مقهى صغيرًا جذابًا كان مخبأً بين الأزقة الضيقة. ومنذ ذلك اليوم، أصبح يزور هذا المقهى بانتظام، مستمتعًا بتجاربه المختلفة في الذهاب والعودة. , أحمد كان دايمًا بحب يكتشف طرقات جديدة لما بيروح ع شغله. بيوم من الأيام، قرر يأخد طريق مش مألوف لما يرجع ع بيته. بنص الطريق، لقي قهوة صغيرة حلوة كتير مخباية وسط الأزقة الضيقة. ومن وقتها، صار يروح على هيدي القهوة دومًا، مستمتع بتجاربه المختلفة بالروحة والجية. ,Lebanese
" كان يحيى يبحث عن مكان لتناول وجبة خفيفة، فسأل أحدهم: ""هل يوجد مطعم للوجبات الخفيفة هنا؟"" فأجابه الرجل مشيرًا إلى مطعم صغير في نهاية الشارع. شعر يحيى بالامتنان وتوجه نحو المطعم، ووجد أن الطعام هناك كان لذيذًا ومغذيًا. "," يحيى كان عم يدوّر على محل ياكل فيه سناك سريع، سأل حدا: ""في مطعم سناكات هون؟"" الزلمة دلّو على مطعم صغير بآخر الشارع. يحيى حس بالامتنان وتوجه عالمطعم، واكتشف إنو الأكل هنيك زاكي ومفيد. ",Lebanese
 عذراً يا سيدي، أود استطلاع بعض الأماكن السياحية الموجودة في بوسطن. فقد جاء محمود من مصر لزيارتها. ولطالما حلم برؤية جامعة هارفارد والتجول في حديقة بوسطن العامة. سار معه صديقه يوسف الذي يعيش في بوسطن ليدله على أهم المعالم. , آسف يا سيدي، بدي إكتشف شوي من المناطق السياحية ببوسطن. محمود جاي من مصر ليزورها. كان دائمًا بيحلم يشوف جامعة هارفارد ويتمشى بحديقة بوسطن العامة. يوسف صاحبو اللي عايش ببوسطن راح معو يورجيه أهم الأماكن. ,Lebanese
 في أحد الأيام، قرر أحمد أن يتعلم اللغة اليابانية. بدأ بالبحث عن معاهد متخصصة ووجد واحدة قريبة من منزله. انضم إلى دورة مكثفة وكان يدرس بجد كل يوم. بعد عدة أشهر، أصبح قادرًا على التحدث باليابانية بطلاقة وأعد قائمة بها ليثبت تقدمه. , بيوم من الأيام، أحمد قرر يتعلم ياباني. بلش يدور ع معاهد متخصصة ولقى وحدة قريبة لعند بيته. اشترك بكورس مكثف وكان عم يدرس بجد كل يوم. بعد شي شهور، صار قادر يحكي ياباني منيح وعمل لائحة باللغة ليثبت تقدمه. ,Lebanese
 إنها الواحدة وخمس دقائق. استيقظ أحمد متأخرًا جدًا عن موعد عمله. ارتدى ملابسه بسرعة وخرج مسرعًا من المنزل. وصل إلى العمل وقد عبّر مديره عن استيائه. لكن أحمد قدّم عرضًا ممتازًا أبهر الجميع واستعاد ثقة مديره. , هيدا الواحدة وخمس دقايق. أحمد صحا متأخر كتير عن شغلو. لبس بسرعة وطلع مشي من البيت. وصل على الشغل ومديره معصب عليه. بس أحمد قدّم عرض قوي خلّى الكل مبهورين ورجع كسب ثقة مديره. ,Lebanese
" في يوم عاصف، وجد علي نفسه بحاجة إلى المساعدة لإصلاح سقف منزله الذي تضرر من الرياح الشديدة. جاء جاره محمد ليقدم له يد العون، وسوياً بدآ بالعمل على إعادة بناء ما تهدم. ومع انتهاء العمل، شعر علي بالامتنان الشديد فقال لمحمد: ""تقدم إلىّ المساعدة، شكراً لك."" رد محمد بابتسامة، مؤكداً أن الجيران لبعضهم في السراء والضراء. "," بنهار عاصف، علي لقى حالو محتاج مساعدة ليصلح سقف بيتو يلي تضرر من الرياح القوية. جارو محمد أجا ليقدملو يد العون، وسوا شرعوا بالشغل على تصليح اللي إنهدم. ولما خلصو الشغل، علي حس بامتنان كبير وقال لمحمد: ""تقدمتلي بالمساعدة، ممنونك كتير."" محمد ضحك وقلو إنو الجيران لازم يكونو لبعض بالأوقات الصعبة. ",Lebanese
 لطالما كان جميل يعاني من الألم الذي لا يطاق في ركبته. في يوم من الأيام، قرر أن يذهب إلى الطبيب ليجد حلاً. بعد الفحص، وصف له الطبيب مسكناً قوياً للألم. شعر جميل بالراحة بعد تناوله للدواء، واستعاد نشاطه مرة أخرى. , جميل كان دايمًا عم يتألم من ركبته كتير. بيوم، قرر يروح عالطبيب ليلاقي حل لوجعو. بعد الفحص، الطبيب كتبلو وصفة لدوا قوي للألم. جميل حس بارتياح بعد ما أخد الدوا، ورجع يعيش حياتو نورمال. ,Lebanese
 كانت منى الممثلة المفضلة لدى أحمد. كل مساء، يجلس أحمد لمشاهدة أفلامها ومسلسلاتها. شعر بإعجاب شديد لموهبتها وأسلوبها الفريد. حلم أحمد ذات يوم بأن يلتقي بها ويعبر عن إعجابه. , منى كانت الممثلة المفضلة عند أحمد. كل مسا، كان يقعد يتفرج على أفلامها ومسلسلاتها. كان مبهور بموهبتها وستايلها الخاص. أحمد دايماً كان يحلم إنو يقابلها ويحكيلها عن إعجابه. ,Lebanese
" في يوم من الأيام، قرر أحمد أن يشتري هدية لوالدته. ذهب إلى السوق وطلب من البائع ""أريد واحدة بيضاوية الشكل"". اختار له البائع قلادة جميلة تلمع تحت أشعة الشمس. عاد أحمد إلى المنزل وقدم الهدية لوالدته التي عبرت عن فرحتها بابتسامة عريضة. "," بيوم من الأيام، أحمد قرر يجيب هدية لأمو. راح عالسوق وطلب من البياع ""بدي وحدة بيضاوية الشكل"". البياع إختارلو قلادة حلوة كتير بتلمع تحت شمس. أحمد رجع عالبيت وعطا الهدية لأمو يلي فرحت كتير وضحكت من قلبها. ",Lebanese
 في أحد الأيام، سأل خالد صديقه عن نوع الموسيقى التي يعزفونها في الحفلة. فأجابه صديقه بأنها موسيقى الجاز. شعر خالد بالحماس لأنه يعشق موسيقى الجاز. فقررا الذهاب معاً ليستمتعا بأجواء الحفلة الموسيقية. , بيوم من الأيام، خالد سأل رفيقو شو نوع الموسيقى يلي عم يعزفوها بالحفلة. رفيقو جاوبو إنها موسيقى الجاز. خالد انبسط كتير لأنو بيحب موسيقى الجاز. قررو يروحو سوا ليتمتعوا بأجواء الحفلة. ,Lebanese
 لا أحب هذا اللون ، من فضلك أرني لوناً آخر. فذهب البائع وأحضر لوناً جديداً. نظرت إليه السيدة بتمعن وابتسمت برضا. وأخيراً، اختارت ثوبها المفضل باللون الجديد وغادرت المتجر سعيدة. , ما بحب هاللون، من فضلك جيب لي لون تاني. راح البياع جابلها لون جديد. السيدة طالعت فيه منيح وابتسمت مبسوطة. وأخيراً، انتقت فستانها يلي بتحبه باللون الجديد وطلعت من المحل فرحانة. ,Lebanese
" كان هناك رجل يعيش في مدينة صغيرة وكان يحب أن يذهب إلى السوق كل صباح. ذات يوم، قابل صديقًا قديمًا وقال له: ""من فضلك خذني إلى السوق الصباحية."" فوافق الصديق بسرور وأخذه في جولة بين الأكشاك. تجولا وتبادلا الأحاديث واشتريا بعض الحاجيات قبل أن يعودا إلى منازلهما سعيدين. "," كان في رجال عايش ببلد صغيرة وكل صبح بحب يروح ع السوق. بيوم, شاف صاحب قديم وقال له: ""تكرم خدني ع السوق الصباحية."" صاحبه رحب فيه واخده يتمشى بين الدكاكين. تمشوا وحكوا سوا وشتروا شوية أغراض قبل ما يروحوا على بيوتن مبسوطين. ",Lebanese
 الإطار الخاص بنظارتي قد كسر. ذهبت إلى المحل لإصلاحه ولكن كان مغلقًا. اضطررت أن أنتظر حتى اليوم التالي. وعندما أصلحوها، شعرت بالراحة لأني استطعت أن أرى بوضوح مجددًا. , الإطار تبع نضارتي انكسر. رحت عالمحل عشان صلحها بس كان مسكر. اضطريت إنّي استنّى لليوم التاني. ولما صلحوها، حسيت براحة كبيرة لأنو قدرت شوف منيح مرة تانية. ,Lebanese
 في يوم حار من أيام الصيف، بدأت الساعة تقترب من الثالثة بعد الظهر. كان الأطفال يلعبون في الحديقة، والشمس تلقي بظلالها الطويلة على الأرض. عندما دقت الساعة الثالثة، اجتمع الجميع ليحتفلوا بعيد ميلاد سارة. الضحكات ملأت المكان، والبالونات الزاهية تتطاير مع نسيم العصر اللطيف. , بيوم حار من أيام الصيف، الساعة كانت عم تقترب من تلاتة البعد الظهر. الأولاد كانو عم يلعبو بالحديقة، والشمس كانت عم ترمي ظلالها الطويلة عالأرض. لما صارت الساعة تلاتة، الكل اجتمعوا ليحتفلوا بعيد ميلاد سارة. الضحك عم يملي المكان، والبلالين الملونة عم تطير مع نسمة العصر الحلوة. ,Lebanese
 عظيم. لدي مقعد بجوار النافذة. آه، إذا كنت ترغبين في تبادل المقاعد بعد ذلك، يا آنسة. أبدت الآنسة اهتمامًا ووافقت على تبادل المقاعد مع الرجل. خلال الرحلة، نظرت من النافذة وأعجبت بالمناظر الخلابة. عند الوصول، شكرت الرجل على لطفه وتمنت له رحلة سعيدة. , منيح. عندي مقعد حد الشباك. آه، إذا بدك تبدلي المقاعد لاحقًا، يا آنسة. الآنسة أبدت اهتمام ووافقت تبدل المقاعد مع الشاب. طول الرحلة، كانت عم تطل من الشباك وتنبسط بالمناظر الحلوة. لما وصلت، شكرتو على زوقو وتمنتلو رحلة ممتعة. ,Lebanese
 لقد استمتعت بجولة الاستطلاع للأماكن السياحية في نيويورك بالأمس. وقد بدأت اليوم بزيارة تمثال الحرية، والتقطت العديد من الصور التذكارية. ثم توجهت إلى جسر بروكلين حيث شاهدت منظر الغروب الخلاب. اختتمت جولتي بعشاء شهي في أحد المطاعم المطلة على نهر هدسون. , أنا استمتعت بجولة الاستطلاع للأماكن السياحية بنيويورك إمبارح. بلشت يومي بزيارة تمثال الحرية وإلتقطت كتير صور تذكارية. بعدين توجهت على جسر بروكلين وشفت منظر الغروب الحلو كتير. وختمت جولتي بعشا طيب بواحد من المطاعم يلي على نهر هدسون. ,Lebanese
 لاحظت عيون أحمد الحقيبة الزرقاء المعروضة في الواجهة وأعجبته كثيراً. قرر أن يدخر المال لشرائها. بعد شهر من العمل الجاد، تمكن من جمع المبلغ اللازم. فرح أحمد بشراء الحقيبة واستخدمها في رحلاته العديدة. , شاف أحمد الشنطة الزرقا بالفترينة وحبها كتير. قرر يوفر مصاري ليشتريها. بعد شهر من الشغل الشاق، جمع المصاري يلي بدو ياها. أحمد فرح بالشنطة الجديدة وصار ياخدها معو ع كل طلعاتو. ,Lebanese
 اتصل أحمد بصاحب المبنى عندما انقطعت الكهرباء فجأة. فوجئ بسرعة استجابته وإصلاح العطل في وقت قياسي. شعر بالامتنان لحسن تصرف صاحب المبنى. ومنذ ذلك الحين، أصبحا صديقين يعتمدان على بعضهما في الشدائد. , حكى أحمد مع صاحب البناية لما انقطعت الكهربا فجأة. تعجب من قد إيه كانت استجابتو سريعة وصلح العطل بوقت قياسي. حس بالامتنان لردة فعل صاحب البناية الحسنة. ومن بعد هيك، صاروا صحاب متكيين على بعض بالأوقات الصعبة. ,Lebanese
" كان لدى أحمد شعر طويل وفوضوي، فذهب إلى الحلاق ليحصل على قصة جديدة. قال للحلاق: ""اغسله بالشامبو وقم بتصفيفه كما هو الآن، من فضلك."" بعد الغسيل والتصفيف، أصبح شعر أحمد يلمع ويبدو رائعًا. خرج من الصالون وهو يشعر بالثقة والسعادة بمظهره الجديد. "," أحمد كان شعرو طويل ومش مرتب، فراح عالحلاق ليعمل قصة جديدة. قال للحلاق: ""اغسلو بالشامبو ورتبو متل ما هو هلق، من فضلك."" بعد ما غسلو ورتبو، صار شعر أحمد يلمع وصار شكلو حلو كتير. طلع من الصالون وهوي حاسس بثقة ومبسوط بإطلالتو الجديدة. ",Lebanese
 عندما تصل هناك أسأل شخص آخر ، من فضلك. ولما وصل، وجد الساحة مليئة بالناس. تردد في البداية لكنه تذكر النصيحة. سأل رجلا عجوزا ودودا، فأرشده بابتسامة إلى المكان الذي يبحث عنه. , لما توصل هنيك إسأل حدا تاني، من فضلك. ولما وصل، لقى الساحة مليانة ناس. تردد شوي بالأول بس تذكر النصيحة. سأل شي رجال كبير بالسن حنون، يلي دلو بابتسامة على المحل يلي كان عم يدور عليه. ,Lebanese
 في يوم مشمس، سأل رجل عابر الطريق عن أسرع طريق للوصول إلى سان فرنسيسكو. أشار له أحدهم إلى طريق الساحل الذي يمر بمناظر خلابة. بينما كان يقود، شعر بالسعادة لاختياره هذا الطريق الممتع. وأخيرًا، وصل إلى وجهته بعد رحلة ممتعة ومريحة. , بيوم مشمس، واحد سأل عن أسرع طريق ليروح ع سان فرنسيسكو. حدا دلو ع طريق الشاطئ يللي بيمرق بمناظر حلوة كتير. وهوي عم يسوق، حس بفرح كبير لأنو اختار هيدا الطريق الممتع. وأخيرًا، وصل عالمكان يللي بدو ياه بعد ما استمتع بالرحلة. ,Lebanese
" في إحدى الفنادق العريقة، سأل النزيل الموظف بأدب ""هل أستطيع الحصول على مفتاح الحجرة رقم اثنان خمس عشرة؟"" بابتسامة، أعطاه الموظف المفتاح وأخبره عن خدمة الغرف المتميزة. شعر النزيل بالراحة والأمان بعد دخوله الغرفة الواسعة والمريحة. وفي الصباح، شكر النزيل الموظفين على حسن ضيافتهم ووعد بالعودة مرة أخرى. "," بواحد من الفنادق العتيقة، الزبون سأل الموظف بأدب ""بقدر جيب مفتاح الغرفة رقم اتنين خمستاشر؟"" بإبتسامة، العامل عطاه المفتاح وحكالو عن الخدمة المميزة تبعت الغرف. الزبون حس بالراحة والأمان يوم دخل على الغرفة الكبيرة والمرتاحة. وبالصبح، شكر الزبون العمال على كرم الضيافة ووعد إنو رح يرجع مرة تانية. ",Lebanese
" في يوم جميل ومشمس، ذهبت فاطمة إلى الحديقة للاستمتاع بالأجواء اللطيفة. وهناك، التقت برجل كان يمسك بكاميرا احترافية. فاطمة اقتربت منه وسألت بأدب ""معذرة، هل يمكنك أن تلتقط صوراً لي؟"" ابتسم الرجل ووافق، والتقط لها عدة صور رائعة جعلت يومها أكثر بهجة. "," بيوم حلو ومشمس، فاطمة راحت عالحديقة لتتهنى بالجو الحلو. هنيك، شافت رجل عم يمسك بكاميرا احترافية. فاطمة قربت منو وسألت بأدب ""معلش، فيك تاخدلي شوية صور؟"" الرجل ابتسم ووافق، وصورلها كم صورة حلوة خلت يومها أحلى. ",Lebanese
 فقط أكتب رقم غرفة ووقع هنا. وبعد أن وقع الرجل، نظر إلى الموظف بتوتر. لم يكن يعلم أن توقيعه سينقله إلى عالم غريب. وجد نفسه في غرفة مليئة بالألغاز وعليه حلها ليعود. , بس اكتب رقم الغرفة واوقع هنا. وبعد ما وقع الرجل، عيّن عالموظف متوتر. ما كان يعرف إنه التوقيع رح ينقله لعالم غريب. لقي حالو بغرفة مليانة ألغاز ولازم يحلها ليرجع. ,Lebanese
" في محل لبيع الملابس، اشترى أحمد قميصاً جديداً ولكنه اكتشف أن المقاس غير مناسب. عاد إلى المحل وقال للبائع: ""اللون مقبول، لكن المقاس غير صحيح. هل من الممكن أن تقوم بتغييرها في خلال ساعة؟"" استجاب البائع لطلبه ووعده بتبديل القميص بالمقاس الصحيح. شعر أحمد بالرضا لأن الخدمة كانت سريعة ومريحة. "," بمحل الألبسة، أحمد اشترى قميص جديد بس اكتشف إنو المقاس مو مناسب. رجع عالمحل وقلّ للبيّاع: ""اللون منيح، بس المقاس مو صحيح. فيك تبدلو خلال ساعة؟"" البيّاع وافق ووعدو إنو رح يبدل القميص بالمقاس الصحيح. أحمد حس براحة لأن الخدمة كانت سريعة ومريحة. ",Lebanese
 سنكون في انتظارك في ذلك اليوم. وعندما تصل، ستجدنا قد جهزنا لك مفاجأة كبيرة. ستحتفل معنا بأروع الأوقات، وستكون الذكريات التي سنصنعها سوياً خالدة في الأذهان. , رح نكون عم نستناك بذاك اليوم. ولما توصل، رح تلاقي إنو عملنالك مفاجأة كبيرة. رح تحتفل معنا بأحلى الأوقات، والذكريات يلي رح نخلقها رح تضل محفورة بالذاكرة. ,Lebanese
 لدينا ما يكفينا للاستمرار لمدة يومين. ومع ذلك، قررت المجموعة البحث عن مصادر غذاء إضافية. خلال رحلتهم، وجدوا شجرة فاكهة غنية. فشعروا بالامتنان وتأملوا في مستقبل أفضل. , عنا يلي بيكفينا نستمر ليومين. بس الجماعة قررت تدور على أكل زيادة. وهني عم يدورو، لقو شجرة فاكهة مليانة. فشعروا بالامتنان وتفاؤلوا لمستقبل أحسن. ,Lebanese
 لا أستطيع أن أفهم ذلك. ذهب علي إلى الطبيب ليسأله عن سبب حالته. فسر الطبيب المشكلة بطريقة مبسطة. عاد علي إلى البيت وقد امتلأ قلبه بالفهم والراحة. , ما عم بقدر فهم هالشي. علي راح عالدكتور يسألو شو السبب ورا اللي عم يصير معو. الدكتور شرحلو المشكلة بطريقة سهلة. علي رجع عالبيت مرتاح وفهمان كل شي. ,Lebanese
" كان يحيى في رحلة بعيدة عن موطنه، وضل الطريق ذات مرة. تساءل ""كيف أستطيع أن أرجع مرة أخرى إلى وجهتي والمكان المقصود؟"" استعان بخريطة قديمة وجدها بحقيبته، واستطاع بعد جهد أن يجد طريق العودة. "," كان يحيى مسافر بعيد عن بلادو، وضيع الطريق مرة. سأل حالو ""كيف بقدر رجع تاني للمحل يللي رايحلو؟"" استعمل خريطة قديمة لقاها بشنتتو، وقدر بعد شوي من الجهد يلاقي طريق العودة. ",Lebanese
" كان تاجر يسأل محاسبه: ""هل هذا معفى من الضرائب؟"" فأجابه المحاسب بأن القانون يعفي بعض السلع. فقرر التاجر حينها التوسع في تجارة السلع المعفاة لزيادة أرباحه. ومع الوقت، أصبحت تجارته الأكثر نجاحًا في المدينة. "," كان في تاجر عم يسأل محاسبه: ""هيدا معفى من الضرائب؟"" جاوبه المحاسب إنو القانون بيعفي بعض السلع. فقرر التاجر يكبر بتجارة السلع يللي معفاة ليزيد أرباحو. ومع الوقت، صارت تجارتو أنجح شي بالمدينة. ",Lebanese
 كان الفريقان متعادلين، والوقت يمضي. حسناً، إن عليهم أن يقوموا بلعب أدوار إضافية حتى يتم إنهاء حالة التعادل. بذل اللاعبون جهوداً مضاعفة، والجمهور يهتف بحماس. وأخيراً، سجل أحمد الهدف الحاسم مختتماً المباراة بفوز مثير. , الفريقين كانوا متساويين، والوقت عم يمشي. أكيد، لازم يلعبوا أوقات إضافية ليخلصوا التعادل. اللاعبين تعبوا كتير، والجمهور كان عم يشجع بحماس. وآخر شي، أحمد سجل الهدف الحاسم وخلصت المباراة بفوز حلو. ,Lebanese
 كان هناك شاب يريد الامتداد أربع وعشرون ساعة. قضى وقته في البحث عن طرق لتحقيق ذلك. وجد في النهاية ساعة سحرية تمنحه ما يريد. أصبح يعيش يومه بسعادة، لكنه تعلم أن الوقت لا يزال ثمينًا. , كان في شاب بدو يطوّل النهار لـ ٢٤ ساعة. قضى وقتو عم بيدور على طريقة ليحقق هالشي. لقا بالآخر ساعة سحرية بتعطيه شو بدو. صار يعيش يومو بفرح، بس تعلم إن الوقت لازم يتقدر. ,Lebanese
" في يومٍ ما، طلب الأستاذ من تلاميذه أن يتهجوا كلمة ""مغامرة"". رفع يوسف يده وبدأ يتهجى الكلمة بثقة. وبعد انتهائه، صفق له الأستاذ معجباً بقدرته على التهجي. شعر يوسف بالفخر، وتشجع باقي التلاميذ على المشاركة بحماس. "," بيوم من الأيام، الأستاذ طلب من الطلاب يتهجوا كلمة ""مغامرة"". يوسف رفع إيدو وبلش يتهجاها بثقة. ولما خلص، الأستاذ صفقلو معجب بقدرتو على التهجي. يوسف حس بالفخر، والطلاب التانيين تشجعوا وشاركوا بحماس. ",Lebanese
 ذهب أحمد إلى المتجر ليشتري بعض الحاجيات. عندما أنهى، قدم البائع له الفاتورة. تفضل هذان دولاران، قال أحمد، واحتفظ بالباقي. شكره البائع على كرمه وودعه بابتسامة. , راح أحمد عالدكان يشتري شوية أغراض. لما خلص، البياع أعطاه الفاتورة. تفضل هيدا الدولارين، قال أحمد، وخلّي الباقي لإلك. البياع شكره على كرمه وودعو بضحكة. ,Lebanese
" كان خالد جائعًا للغاية فسأل أمه: ""متى الغداء؟"" فابتسمت وأجابت: ""بعد نصف ساعة يا ولدي."" فقرر خالد الانتظار في الحديقة وهو يقرأ كتابه المفضل. وعندما حان وقت الغداء، نادته أمه ليجد مائدة عامرة بأشهى الأطباق. "," كان خالد جوعان كتير، فسأل إمو: ""متى رح يصير الغدا؟"" ضحكت وقالتلو: ""بعد نص ساعة يا حبيبي."" خالد قرر يستنى بالجنينة وهو عم يقرأ كتابو يلي بيحبو. ولما إجا وقت الغدا، نادتو إمو وشاف الطاولة مليانة أكلات زاكية. ",Lebanese
" كان هناك رجل أراد شراء سيارة جديدة، لكن عندما رأى الأسعار قال ""أسف، هذا كثير بالنسبة لي"". فقرر بدلاً من ذلك أن يقوم بتصليح سيارته القديمة. بعد الإصلاح، بدت السيارة كأنها جديدة. وأدرك أن القيمة لا تكمن فقط في الجديد، وإنما في ما يخدمنا بشكل جيد. "," كان في رجل حابب يشتري سيارة جديدة، بس لما شاف الأسعار قال ""آسف، هيدا كتير عليي"". قرر يصلح سيارتو القديمة بدل ما يشتري. بعد ما صلحها، صارت السيارة تبين كأنها جديدة. واكتشف إنو القيمة مو بس بالجديد، بس بالشي يللي بيفيدنا منيح. ",Lebanese
 بدأت رحلتي مبكراً لأصل إلى ميدان يونيون، ولكنني وجدت صعوبة في تحديد الاتجاه. سألت أحد المارة وقد أرشدني بلطف إلى الطريق الصحيح. وبعد مسيرة طويلة، وصلت إلى الميدان والسعادة تغمرني لأنني لم أتأخر. , بلشت رحلتي بكير لحتى وصل لساحة يونيون، بس صار عندي حيرة بالطريق. سألت حدا من الناس يلي عم يمشوا وعطاني الدليل بكل أدب عالطريق الصح. وبعد ما مشيت كتير، وصلت عالساحة وأنا مبسوط كتير لأني ما تأخرت. ,Lebanese
 في يومٍ مشمس، قرر أحمد أن يستأجر سيارة لاستكشاف المدينة. يمكن أن تستفسر من مكتب التأجير الموجود هناك. بعد التجول والاستمتاع بمعالم المدينة، وجد أحمد مطعماً تقليدياً لتناول العشاء. انتهى يومه بقصة رائعة ليحكيها لأصدقائه. , بنهار مشمس، أحمد قرر يكري سيارة ليتمشى بالمدينة. فيك تسأل بمكتب الكري اللي هنيك. بعد ما تمشى واستمتع بالأماكن، لقى أحمد مطعم أكلات شعبية ليتعشى فيه. خلص النهار بقصة حلوة ليحكيها لأصحابه. ,Lebanese
 ذهب ماجد ولينا لجمع الأشياء المطلوبة. حملا الأكياس الثقيلة بصعوبة. وصلا إلى عمال النظافة وسلماهم الأغراض. شكرهم العمال على المساعدة وابتسموا. , ماجد ولينا راحو يجمعو الأشياء يلي طلبوها. شالو الأكياس الثقيلة بتعب. وصلوا عند عمال النظافة وسلموهم الأغراض. العمال شكروهم على المساعدة وضحكوا. ,Lebanese
 في أحد الأيام، قررت أن أذهب في إجازة إلى الجبال. وجدت نفسي أتنفس الهواء العليل وأستمتع بمنظر الطبيعة الخلاب. خلال تجوالي، صادفت قرويين ودودين دعوني لتناول الشاي. شعرت بالسعادة الغامرة وتمنيت لو أن الإجازة لا تنتهي. , في يوم من الأيام، قررت إني خود إجازة عالجبال. لقيت حالي عم بتنفس هوا نظيف وعم استمتع بمنظر الطبيعة الحلوة. وأنا عم تمشى، صادفت شوية أهل القرية الطيبين عزموني على شاي. حسيت بفرح كبير وتمنيت الإجازة ما تخلص. ,Lebanese
 لا . أنا أخطط لزيارة باريس في طريق عودتي إلى وطني . قررت أن أستغل الفرصة لأرى برج إيفل وأتمشى على ضفاف نهر السين. سأبحث أيضاً عن أشهى المأكولات الفرنسية وأتذوق النكهات المحلية. في نهاية الرحلة، سأشتري الهدايا التذكارية لعائلتي وأصدقائي. , لا . أنا عم فكر زور باريس بطريق رجعتي لبلدي . رح استغل هالفرصة لشوف برج إيفل واتمشى على ضفاف نهر السين. كمان رح دور عأطيب المأكولات الفرنسية وجرب النكهات المحلية. بآخر الرحلة، رح اشتري هدايا تذكارية لعيلتي وأصحابي. ,Lebanese
 كان أحمد يفكر في إمكانية اصطحاب أخته معه في رحلته إلى القاهرة. هل ستأخذها معك أم سيكون علينا أن نرسلها؟ سألت والدته بقلق. قرر أحمد في النهاية أن يأخذها معه لتستمتع بالمغامرة. وهكذا، أصبحت الرحلة أكثر متعة بوجودها. , أحمد كان عم يفكر إذا بدو ياخد أختو معو على بيروت. بدك تأخدا معك ولا لازم نبعتها؟ إمو سألتو وقلقانة. قرر أحمد بالآخر يأخدا معو لتستمتع بالمغامرة. وهيك، صارت الرحلة أحلى بوجودا. ,Lebanese
 حدث مؤخراً انتشار في خبراء الطعام، أليس كذلك؟ لاحظ محمود الزيادة في عدد البرامج التلفزيونية المخصصة للطبخ. قرر أن يصبح واحداً من هؤلاء الخبراء وبدأ في تعلم فنون الطهي. عمل بجد حتى أتقن بعض الوصفات العالمية. وأخيراً، استطاع أن يظهر في برنامج تلفزيوني مشهور يعرض مهاراته. , محمود لاحظ كيف صار في كتير برامج طبخ ع التلفزيون. قرر يصير واحد من المشاهير بعالم الطبخ وبلش يتعلم يطبخ بجدية. عمل جهد كبير ليتقن وصفات من مختلف أنحاء العالم. وأخيراً، قدر يظهر ع برنامج تلفزيون معروف ويعرض مواهبو. ,Lebanese
 قد حدثت منذ حوالي ست ساعات من الآن حادثة غير متوقعة. كان هناك سارق يحاول اقتحام بيت في الحي القديم. لكن جار البيت كان يقظًا ولاحظ الحركة الغريبة. فاتصل بالشرطة على الفور، وتم القبض على السارق بسرعة. , صارت قصة ما بتتوقعها من حوالي ست ساعات. في حرامي حاول يفوت يسرق بيت بالحي القديم. بس الجيران كانوا صاحيين وانتبهوا لحركاتو الغريبة. فاتصلوا عالشرطة على طول، والحرامي انقبض عليه بسرعة. ,Lebanese
 رحلة الخطوط الجوية دلتا رقم واحد واحد اثنان تم تأخير موعد الركوب. انتظر المسافرون في الصالة بترقب شديد. بدأت الأعصاب تتوتر مع مرور الوقت. أعلنت الشركة عن موعد جديد للإقلاع. في النهاية، تمكن الجميع من الصعود إلى الطائرة وبدأت الرحلة. , رحلة دلتا رقم واحد واحد اتنين تأخر وقت الصعود عليها. المسافرون قعدوا ينطروا بالصالة وقلقانين. مع الوقت يلي عم يمرق، بدأت الأعصاب تشد. الشركة أعلنت عن وقت جديد للإقلاع. بالآخر، الكل صعد عالطيارة وانطلقت الرحلة. ,Lebanese
" في إحدى الليالي الباردة، طرقت امرأة باب الفندق وسألت البواب ""هل يمكنك أن تعطني اثنين لليلة؟"" فأجابها البواب بابتسامة ودودة ""بالطبع، يمكننا توفير غرفة مزدوجة لكما"". شكرته المرأة وأخبرته بأنها وزوجها يحتفلان بذكرى زواجهما العاشرة. في الصباح التالي، تركت المرأة ملاحظة شكر عند الاستقبال وغادرت الفندق مع زوجها وقد بدت عليهما علامات السعادة والرضا. "," بليلة باردة، وحدة مرة خبطت على باب الفندق وقالت للبواب ""فيك تعطيني تنين لليلة؟"" البواب ضحك وقلها ""أكيد، فينا نوفرلكم غرفة لتنين"". المرة شكرتو وقالتلو إنها وجوزها عم يحتفلو بعيد زواجن العاشر. بالصبح التالي، تركت المرة ملاحظة شكر عند الاستقبال وطلعت مع جوزها وكانو مبسوطين ومرتاحين. ",Lebanese
 في يومٍ صيفي حار، اكتشف السيد خالد أن شركة التأمين الخاصة به قد تعرضت للسرقة. استشاط غضباً وقرر أن يبلغ الشرطة على الفور. بعد التحقيق، تبين أن الموظف الجديد كان وراء الحادثة. استعاد خالد الأموال المسروقة وشعر بالامتنان لسرعة استجابة الشرطة. , بيوم من أيام الصيف الحارة، الأستاذ خالد اكتشف إنو شركة التأمين تبعتو تعرضت للسرقة. زعل كتير وقرر يبلغ الشرطة عالسريع. بعد التحقيق، طلع الموظف الجديد اللي سرق الشركة. خالد رجع الأموال يلي انسرقت وحس بامتنان كبير لسرعة تجاوب الشرطة. ,Lebanese
 بما أنني غير ماهر باستخدام الكاميرا، فقد قررت شراء واحدة جديدة تتميز بالبساطة وسهولة الاستخدام. وبعد البحث والمقارنة، وجدت النوع المثالي الذي يلبي احتياجاتي. لقد كانت النتائج مذهلة، فقد تمكنت من التقاط صور رائعة دون عناء. وبفضل هذه الكاميرا، أصبحت التصوير هوايتي المفضلة وطورت مهاراتي بشكل كبير. , بما إنو ما كنت شاطر بإستعمال الكاميرا، قررت جيب وحدة جديدة يلي سهلة الإستعمال. بعد ما دورت وقارنت، لقيت النوع يلي بيلبّي احتياجاتي. النتائج كانو مدهشين، صرت قادر صوّر صور حلوة من دون تعب. ومع هالكاميرا، صار التصوير هوايتي المفضلة وتطوّرت مهاراتي كتير. ,Lebanese
" وصل الشاب المسافر إلى المحطة متأخرًا، ولم يعرف إن كان قد اختار الرصيف الصحيح. سأل أحد المارة: ""هل هذا هو الرصيف الصحيح لنيويورك؟"" فأجابه الرجل مبتسمًا وأشار إلى القطار الذي كان يستعد للانطلاق. شعر الشاب بالارتياح وصعد القطار في اللحظة الأخيرة، متجهًا نحو مغامرته الجديدة في نيويورك. "," وصل الشاب يللي كان مسافر عالمحطة متأخر، وما كان عارف إذا هيدا الرصيف الصح لنيويورك أو لا. سأل واحد من العالم: ""إنو هيدا هو الرصيف الصح لنيويورك؟"" الزلمة ضحك وقال له أي وأشرله عالقطار يللي كان عم يستعد يطلع. الشاب ارتاح وطلع عالقطار بآخر لحظة، رايح على مغامرتو الجديدة بنيويورك. ",Lebanese
 في يوم مشمس جميل، قرر أحمد استغلال إجازته والذهاب في رحلة إلى الشاطئ. استمتع بإجازتك، قالت له أمه وهي تودعه. على الشاطئ، قام ببناء قلعة رملية عظيمة وشارك في مباراة كرة طائرة. عاد إلى المنزل مع شعور بالسعادة والاسترخاء الذي طال انتظاره. , بيوم مشمس حلو، أحمد قرر يستفيد من إجازتو ويروح عالشط. استمتع بإجازتك، هيك قالتلو إمو وهيي عم توادعو. عالشط، بنى قلعة رملية كبيرة وشارك بمباراة كرة طائرة. رجع عالبيت مع إحساس بالفرح والاسترخاء يلي كان مشتاقلو. ,Lebanese
 كان هناك رجل يبحث عن شاش ليصلح خيمته. فذهب إلى السوق ليجد بائعاً متخصصاً. وجد الرجل الشاش المناسب وبسعر جيد. فاشتراه وعاد ليصلح الخيمة بنفسه. , في واحد كان عم يدور على شاش ليصلح خيمتو. راح عالسوق يلاقي حدا يبيعو. لقى الشاش يللي بدو ياه وبسعر منيح. اشتراه ورجع يصلح الخيمة بإيدو. ,Lebanese
 كان هناك رجل جائع جداً، فقرر أن يطلب بطاطس مشوية من مطعمه المفضل. وعندما وصلت البطاطس، وجدها مغطاة بقشدة حامضة شهية. استمتع بكل قضمة، وشعر بالرضا التام. ومنذ ذلك الحين، أصبحت البطاطس المشوية وجبته المفضلة. , كان في واحد جوعان كتير، قرر يطلب بطاطا مشوية من مطعمه المفضل. ولما وصلتلو البطاطا، لقاها مغطاة بقشطة حامضة طيبة. استمتع بكل لقمة، وحس براحة كبيرة. ومن بعد هيديك النهار، صارت البطاطا المشوية أكلتو المفضلة. ,Lebanese
 كان هناك رجل ينظر إلى ساعته كل عشر دقائق بقلق شديد. كان ينتظر مقابلة مهمة ستغير مجرى حياته. مع مرور الوقت، بدأ يشعر بالتوتر والقلق يزداد. وأخيراً، وصل الشخص المنتظر وابتسم الرجل بارتياح. , في واحد كان عم يطلع على ساعتو كل عشر دقائق وقلقان كتير. كان عم ينطر مقابلة مهمة رح تغير حياتو. مع الوقت، صار يحس بالتوتر والقلق عم بيزيد. وأخيراً، وصل الشخص يللي كان عم ينطرو والرجال ابتسم براحة. ,Lebanese
" وصل الشاب إلى الكافيتيريا جائعاً، وطلب من النادل: ""واحد هامبرجر وواحد شيز برجر، من فضلك"". وبينما كان ينتظر، شاركه صديق قديم الطاولة وتبادلا الأحاديث. ضحكا ملء الصدر وتناولا الطعام معاً بسعادة، فالطعام يجمع الأصدقاء دائماً. "," الشاب وصل عالكافتيريا وكان ميت من الجوع، وطلب من الجرسون: ""بدي واحد هامبرجر وواحد شيز برجر، لو سمحت"". وهوي عم ينطر، صار يحكي مع صاحبو القديم يلي اجا وقعد معو عالطاولة. ضحكوا من كل قلبن وأكلوا سوا وكانوا كتير مبسوطين، لأن الأكل بجمع الأصحاب دايمًا. ",Lebanese
" جاء أحمد إلى الاستوديو مبكرًا ليطور صور الفيلم. سأله المدير: ""كم تتقاضى لتطبيق صور الفيلم؟"" فأجاب أحمد بثقة: ""أتقاضى مائة دولار لكل ساعة عمل."" وافق المدير على الفور وأشاد بمهارة أحمد. "," أحمد راح عالاستوديو بكير ليعدل صور الفيلم. المدير سألو: ""قديش عم تاخد لتعدل صور الفيلم؟"" أحمد جاوب بثقة: ""عم بأخد مية دولار لكل ساعة شغل."" المدير وافق عالفور ومدح مهارات أحمد. ",Lebanese
 كلا منا يريد أن يحاسب على وجبته. في يوم من الأيام، قررت مجموعة من الأصدقاء الذهاب إلى مطعم فاخر. بعد الانتهاء من تناول الطعام، أصر كل منهم على دفع الفاتورة. تطور الأمر إلى موقف محرج حيث تسابق الجميع لإخراج محافظهم. , كل واحد منا بدو يحاسب على وجبتو. بيوم من الأيام، قررت مجموعة من الرفقا يروحوا ع مطعم فخم. بعد ما خلصوا ياكلوا، كل واحد منهم إصر يدفع الفاتورة. تحول الموضوع لموقف محرج والكل صار يتسابق ليطلع محفظتو. ,Lebanese
 استيقظ أحمد مبكراً ليدفع الفاتورة كما وعد. وجد الشوارع خالية والجو بارداً. دخل المحل وسلم النقود للبائع بابتسامة. شعر بالرضا لأنه أوفى بوعده. , أحمد فاق بكير ليدفع الفاتورة متل ما وعد. لقى الشوارع فاضية والجو بارد. دخل عالمحل وعطى المصاري للبيّاع مبتسم. حس بالرضا لأنو حقق وعدو. ,Lebanese
" كان أحمد ينوي الذهاب إلى السوق لشراء بعض الحاجيات. صادف في طريقه جاره محمد، فاقترح عليه محمد الذهاب معًا. وافق أحمد على الفكرة مبتسمًا، وقال ""إني ذاهب إلى هناك، أيضا. ما رأيك أن نأخذ سيارة أجرة معًا؟"". فتشاركا الرحلة وتبادلا الأحاديث الشيقة طوال الطريق. "," كان أحمد عم يروح عالسوق ليشتري شوية غراض. بالطريق صادف جاره محمد، ومحمد اقترح يروحوا سوا. أحمد ابتسم ووافق، وقال ""أنا كمان عم روح هنيك. شو رأيك ناخد تاكسي مع بعض؟"". وهيك سافروا سوا وقضوا وقت حلو بالحكي طول الطريق. ",Lebanese
" جاء خالد إلى منزل صديقه أحمد وتلقى ترحيبًا حارًا. ""تفضل كرسي وخذ راحتك. هل أتي لك بشيء لتشربه؟ قهوة، شاي أم صودا؟"" قال أحمد بابتسامة. اختار خالد قهوة فاخرة وجلسا يتحدثان عن ذكريات الطفولة. انتهى اليوم بشعور عميق من الصداقة والألفة. "," جا خالد على بيت صاحبه أحمد وإستقبله بترحاب كبير. ""تفضل ع الكرسي وخود راحتك. بدك شي نجيبلك تشربو؟ قهوة، شاي ولا سودا؟"" قال أحمد وهوي مبتسم. اختار خالد قهوة ممتازة وقعدوا يحكوا عن ذكريات الصغر. خلص النهار وهني حاسين بصداقة ومحبة. ",Lebanese
" في يوم مشمس، قال الطفل لوالدته: ""أنه شيء رائع منك أن تقولي ذلك"". فابتسمت الأم بحنان وعانقته بقوة. شعر الطفل بالسعادة والأمان في أحضان أمه. ومنذ ذلك اليوم، وعدا نفسيهما أن يشاركا مشاعرهما الإيجابية دائمًا. "," بيوم مشمس، الولد قلل إمو: ""هيدا شي حلو كتير منك تقولي هيك"". الإم ابتسمت بحنية وضمتو كتير. الولد حس بالفرح والأمان بحضن إمو. ومن هاليوم، وعدوا حالهن يشاركوا دايمًا بالمشاعر الحلوة. ",Lebanese
 المكان كان على كرسي في البهو. وجدت سيدة حقيبة جلدية متروكة خلف الكرسي. نادت الحارس ليتحرى عن صاحب الحقيبة. بعد ساعات، جاء رجل مسرعاً يبحث عن حقيبته المفقودة وشكر الجميع على أمانتهم. , المكان كان على كرسي بالبهو. وحدة ست لقت شنطة جلد متروكة ورا الكرسي. نادت عالحارس يدور ع صاحب الشنطة. بعد شي ساعات، إجا رجال مستعجل يدور ع شنطتو يلي ضاعت وشكر الكل ع أمانتن. ,Lebanese
 في مطعم راقي، طلب أحمد طبق لحم بقري مشوي. وبينما هو ينتظر، شعر بعبق البهارات المنبعث من المطبخ. جاء النادل حاملاً الطبق المُعد بعناية، وعندما تذوق أحمد اللحم، أغمض عينيه مستمتعاً بالنكهة الرائعة. ترك أحمد بقشيشاً سخياً شاكراً الطاهي على مهارته الفائقة. , بمطعم فخم، طلب أحمد طبق لحم بقر مشوي. وهوي عم ينطر، حس بريحة البهارات الطيبة يللي عم تطلع من المطبخ. الجرسون جاب الطبق يللي تم تحضيره بدقة، ولما ذاق أحمد اللحم، سكر عيونه مستمتع بالطعمة الرائعة. ترك أحمد بخشيش كريم ممنون الشيف على فنونه العالية. ,Lebanese
" كان الجميع في البيت يستعدون لقدوم الضيوف. قامت الأم بطهي الأطباق الشهية والحلويات، بينما كان الأب يزين الصالون. سألت الجدة بفضول: ""ستكون المائدة جاهزة؟"" فأجاب الجميع بصوت واحد: ""نعم، ستكون جاهزة في الوقت المحدد"". "," كانت العيلة كلها عم تستعد لاستقبال الضيوف. الإم طبخت أكلات طيبة وحلويات، والأب كان عم يزين الصالون. الجدة سألت بفضول: ""رح تكون المائدة جاهزة؟"" الكل ردوا مع بعض: ""إيه، رح تكون جاهزة بالوقت المطلوب"". ",Lebanese
